"","PC1","PC2","PC3","PC4","PC5","PC6","PC7","PC8","PC9","PC10","PC11","PC12","PC13","PC14","PC15","PC16","PC17","PC18","PC19","PC20","PC21","PC22","PC23","PC24","PC25","PC26","PC27","PC28","PC29","PC30","PC31","PC32","PC33","PC34","PC35","PC36","PC37","PC38","PC39","PC40"
"mns13pip3p_again",-22.7050521435322,-25.9490497552031,9.45360377585061,-5.17782576495722,0.771420124601186,-10.8723559906651,0.829011784288578,-0.442240498923552,13.0332697738063,-8.95785879611617,2.37492372672459,-8.09916205626591,0.800442196821407,-16.4571692616777,-2.42284228873614,-1.10346903010949,6.1710607985105,3.70662894531857,-4.05864103923953,-1.85035986078112,0.968232243003204,1.19825761245754,1.0666978593058,0.984307837465475,-0.0819126021238704,-0.51483726550629,-0.0327544981854372,-1.01086162525728,-0.473752115962382,0.95922005058901,0.649969293941442,0.526847094482919,0.629448877137093,0.15889078118096,-0.271203519599778,-0.147056460205237,-0.00998832126116368,-0.153159440186637,0.0937403070525219,-2.13999824805189e-14
"mns1pip3p",27.3888181555245,-3.92742170023833,-4.66407104670687,15.7079875600731,-11.9648217743719,-12.3305433039911,-3.80618990560645,-2.34696066517492,-3.97009360169094,1.93284329118577,-1.2830039788401,3.07912826389108,-0.540873739739965,-1.88008461208601,-4.19328653678011,-2.09405109264933,-3.4493399449081,0.271931370561362,-4.52831256841983,-4.77566454859195,-3.80412075938652,-0.341698244128704,-0.598376530250498,-1.47848282620224,3.42566109965672,-0.0849325759649733,-1.63489028834908,-1.682315360998,1.96830857461279,-1.35910386100667,-5.88010485786937,2.01446931879877,-2.01615576250987,-0.615857704069862,6.77231352023904,-0.973652793684331,-1.90011937586276,-0.493300146544025,-0.710942991228909,1.34464244209639e-14
"mns20pip2p2",20.2908768108914,-1.45603654538584,10.4773787878264,4.86273520702193,12.4572069829502,7.93745912986704,3.49702817553614,-3.35331748133508,2.91631988109133,1.26156585977152,9.02021605869024,6.30233391694294,2.32312663029837,-3.11735942534988,2.13754267680296,0.498100219187082,0.228438553833277,-3.04494686009595,-3.09704633680652,1.64892976420105,0.176276731095093,-4.64426914067099,6.16990798954546,-0.963606297398045,-5.44118192371612,6.13143024895206,-7.94817958056648,2.02578827054499,1.28279677462779,-3.1187370275069,0.678257233876659,-0.500614882384776,-1.67607492914596,0.82040305146078,1.11810927587025,-1.26743003222459,-0.281127931109761,0.116050125388362,-0.0345084941150401,1.09515261442761e-14
"mns20pip4p",4.94262351633208,10.5692136919461,-0.628216304397138,1.61601552505785,-2.52669064369948,-1.88964513126446,0.35587107877033,0.946792850432665,-0.723943130557692,2.99097666975931,-1.06340119414877,-1.13246181759035,2.5968453053929,0.0498795083734271,0.253795162477824,1.81637320706302,-0.0723393547514866,2.95720749080186,1.52689409264928,-3.98195477470244,2.31249759023803,0.339530075741805,1.45970298413759,1.39617991029603,-0.519865294476458,-1.89545640530977,1.38669598770242,-1.52153838759864,2.28728076597608,-0.0586937614596116,0.498672568995065,-0.533333488061905,-3.19192918294902,4.1109057427011,-2.71285439382352,-6.09597884088643,-1.60746116364653,7.39690530438408,-2.80413726676661,1.92990155106765e-14
"mns22pip2p",-7.39637240313053,-1.19509174701479,3.90871879721066,-16.2477435937623,-10.5500374186033,2.98965299175211,1.39276072145256,0.759116731602462,-3.79224646969575,-1.49933290048185,5.21665291884397,1.6933879277618,-6.1171887706197,1.48137817281695,4.9263030639891,0.801445295049067,2.87610921487886,0.736942041886818,1.96501589284532,0.545471895135512,-4.17331670647495,7.16233266238294,5.38974137099284,-0.777248394101948,2.29328902982493,-6.19252426131574,-5.08052653426661,3.73390837834738,4.06767435840619,3.53262256943008,2.4295784554155,-1.62432419483288,-0.00372771934127456,1.12122817373183,2.4997778520994,1.97794702672999,-1.43798834997032,0.859768536955273,0.311909006906371,2.34664718212763e-15
"mns24pip4p",4.98680771326632,-11.5869002521441,-7.4765613933064,-15.4124289655343,-1.13636879086497,6.88564281698469,0.877410664572807,2.10706355034247,-0.43016014314012,0.659848153399986,2.37853252771204,-2.99642437843779,3.44185390677322,-0.33380886100552,3.32765595149096,0.100019914117686,0.30466140344978,0.192591261378431,2.04200577467591,0.0679328507708903,-1.54147403071364,0.488953697425575,-0.818732251159963,3.36474407297118,2.69128970563318,0.41660073077025,-0.883015841621904,-2.04591194192132,5.10019520754404,-5.58657596630352,-5.83868956407023,-5.01404672119972,4.32404413065427,-5.72529579543905,-1.95935739729669,-1.19735777764883,1.24699874603449,0.51483547770191,-0.783028925799074,1.30449036989111e-14
"mns26pip1p",-37.0471618124433,28.3007161000671,-4.70310354625739,-21.3032409012839,-9.39146605643909,7.19995838361285,6.97497407139516,-0.458358609366693,-11.237943863766,3.36720732313543,1.1698014524552,10.5998084308169,1.74171530319811,-12.0850181109464,-3.12779761592605,0.277713531066592,0.190096643196545,-1.9188990631483,-4.17416890962076,3.96993392291277,-0.480260611550011,-1.21482582354626,-3.53237702202783,-1.34177231092404,-0.816369673699212,-0.381589418718438,2.28723475803731,1.20701202806847,-2.04277678728273,1.1467803045452,-2.37983817821838,0.0603605179408809,-0.714814417875997,-0.0209357140563472,-0.697082670793304,-0.253975615238845,0.006864500218622,0.00156872091336328,-0.299504090343011,-1.32550220799388e-14
"mns27pip1p",23.9305596428379,-9.54567998500066,-14.1506968199464,0.586961183526286,-8.96905008694338,-1.16830766722039,-5.51132157134426,1.61592815163311,-2.60890884611696,-1.6627281391488,3.22881674119709,-1.58304066347717,-1.48367421159791,2.61019591856098,-0.575151975034668,-8.64690675570599,3.72581117353192,-1.51323409093725,-1.84667542984484,1.35082103507356,-0.739172169186313,-7.73706325695479,4.04153613941782,3.70946951465013,0.179934183232566,-5.73870621824082,1.70185741055315,4.50739457907002,-6.60377834832454,-1.72790850265683,1.05989245059099,-3.10130842677157,-2.44753590718769,-1.31752166743351,-1.01058998532283,-1.42243610619321,0.226562607190559,-0.585247361290999,0.275314853348066,1.83777147146069e-14
"mns28pip1p2",9.04574599717177,-4.59357503080525,0.489076241463396,-13.1476197077779,20.7882599175443,4.67356411501281,-3.56908429191722,3.75680751487107,-1.8501323184122,-10.99403779863,-0.763109587909867,3.03639053883099,-13.2844695495559,3.5671944139888,-7.21134970136772,2.39548008491143,3.82147109040078,-3.51682784225499,-1.72352262334321,-3.67552312477477,-2.93027847600954,-3.09271856068489,-3.85594275680949,-2.56434500931509,-1.46286540192824,-2.56474199977128,1.70941068922361,-1.85050746621784,3.14464745043156,-1.47884290788831,-0.728179817032244,0.240059616945924,-1.71336878114734,1.3751284776015,-0.677607266023828,-0.179358827901374,1.09999003391687,-0.142764514629354,-0.180078217505955,7.74228771371899e-15
"mns2pip1p2",9.16602279966094,13.4293407290914,1.88805974947537,1.12797206064703,4.4720546883724,-1.05197767044244,-3.01704229854877,2.64359533696855,-1.29935130835921,-7.13519487047904,-0.670814807185075,-2.741577439069,2.19285988504833,0.488246853514327,5.04322481555628,2.63303817100703,2.40656410097375,0.0739921072155609,1.244126127704,2.47594944266348,0.495285013157183,-2.07773632482353,-0.00237096655282077,-1.63189189221719,-3.62992980474485,0.846128218849188,5.26823372426549,0.999775094170703,1.80175814918846,0.979807571159766,1.15305092365771,1.94556880540443,-0.658006009360819,-6.33741309132829,1.15465466043547,0.567245378705367,-8.29150715893985,0.385657155813835,0.244004651098667,1.735070420672e-14
"mns31pip3p2",9.18053645430469,9.4778104960517,5.01499152878524,5.14680229081419,4.34128232929875,0.683718270550772,2.39406659040046,-1.42691687582396,1.22548095340617,0.748193668245131,-1.63554601605781,-0.743367328648535,3.60350224324294,-2.86834661699165,3.25227136033007,0.935894814570515,-1.00109697205301,-0.381241036368871,0.373837584472013,2.3209881914718,4.06580901635953,-0.957500239127323,0.789806111340226,3.61548050260377,4.6935370862635,-3.36670368578893,3.76202929806172,2.53473252126805,4.47904697732153,-6.9343928507657,0.211927806583131,3.15731813846433,-3.73953347955533,3.98760343705887,-0.544683033488763,5.57911951196124,0.594200130925701,-1.34416014878624,-0.478678913738368,1.6978606021123e-14
"mns32pip3p",-1.52258508454107,23.9009056311333,0.446344191665085,5.21874715615735,-0.282037884926399,-0.849576221388477,0.51441613275492,4.16289740597104,3.30490694523608,0.167830900060369,-3.01733248889835,-2.91982866654099,2.17522702841113,-0.473571920655714,0.241038074135955,4.67049566160804,2.11739862713741,-0.86118751694488,1.24524599914247,-1.64253781819315,1.07839906534033,-2.78494082507296,-1.11142423386761,3.51758384247648,-2.042442176217,1.21910521807583,0.934196413101755,-3.94984441800902,0.0481458231594406,3.26804103491681,2.09863707313488,-8.81701262484349,-2.8642351804041,-0.270444909994131,5.11713271428849,2.94880312226338,2.90000711481706,-0.174505111002446,-1.28209839851598,1.48060817078965e-14
"mns34pip3p",-0.187240980296267,-0.166184103074671,2.97797095191757,-18.7777510774851,0.839543437289835,4.91395875703723,-1.04077891850641,0.465817814507087,-7.50215875340641,-3.26096556785721,0.911471885653597,-4.53834313372038,4.40280991983024,4.97854974132097,-3.54635594095295,-3.23665548229492,2.96597580240121,1.47716737753646,1.44705840367347,-7.07599731050388,12.594279976086,0.520214683408447,1.35009941858846,-4.47328488856369,3.98670772045891,3.98197479531267,-1.63036451040547,2.55447130657331,-1.42679795150401,1.90517413178617,-2.02180550869525,0.353750796644361,-1.10837574264574,-0.243490672670086,0.94813478179723,0.712345244425248,0.0955169943806741,-0.955385131784512,-0.143193961455141,7.84290167532564e-15
"mns4pip1p",2.22197037882068,-3.05908191933345,-16.5306396362407,-12.3355090886144,4.3743119808293,2.21650094386204,-2.33718033157181,0.73127745830066,-2.49062805071063,-2.13296146662908,-7.48180675306565,-4.20556787017257,2.16505068935609,-1.01074691869623,-2.36071942996873,-1.06155133198674,-5.89212086863629,6.9686700960883,-0.100434489845987,3.94190091992697,-1.03063551908516,0.2369948451173,-5.61781085267265,-1.31535462996567,0.872913029413807,1.26865950335012,-2.67113609607599,2.57103325464289,0.0614265869308031,-4.21473235638921,7.56555175749686,-1.07225934983539,2.12065342124883,1.85655611541018,3.54518389197337,-2.80366994446706,-0.919742735180036,-1.1312358418311,-0.540284270357386,6.12834435975707e-15
"mns9pip4p",-39.5872217732733,-9.51757055979827,10.6852604681076,-14.2963483769019,-0.359306009962851,-18.2204053281977,-0.592326491862978,6.58695205515182,7.50792302118655,-4.72395615388008,0.740395439197935,8.7065780430885,12.1505776605523,9.20427869466811,-7.04137166263475,-0.196775021530877,-2.37343892945554,-4.99078346927863,2.38847342560073,3.23738744165254,-2.90640674657112,0.50448495562509,1.17493115313991,0.0639028848305044,0.0500117608660164,-0.238515208360227,0.0163529122462248,0.0418835893332547,0.181519722692331,-0.596202807304475,0.676492119514478,0.0569049066923626,-0.800606690887883,-0.099746013319751,-0.331787884693224,0.201467929728048,0.0627086108157103,0.23155942231403,-0.19935545348438,-5.95514306270251e-15
"mnsC50pip2p",4.44661227344965,-12.9197089518125,-21.3482763493821,-1.82692020074554,2.01630155494018,7.05111882139859,0.284834015840122,0.0301203610830812,11.35254974388,5.46977482017963,-3.39799435767371,4.48735934783695,4.54807670078307,-0.81515137912934,6.3065413033489,0.787682743882088,2.80971459678481,-5.22071486375262,0.329803772961198,-10.3409513269399,-5.43697267326414,3.98924822210266,-2.97745953258963,-2.30217581541741,-0.60544995303019,2.77850121398927,3.55592738700995,4.9004393994408,-2.44895466351794,-0.354570656176009,0.645026766125653,0.0742506728403065,-0.439468111687726,1.06342116984753,0.158059473774458,1.0628955850754,0.0667137669921456,0.594614305953786,0.610596551890449,1.18243088931269e-14
"mnsC51pip4p2",21.0331948388336,-5.90861542610096,11.1852583434024,1.08127888178099,14.3986187777216,1.17213864115467,1.72825822057948,-1.95917383567822,1.07855638300136,0.310908409297762,4.24020086689494,4.59479066538605,-5.68293666553629,-2.66319751394373,-5.01435616546476,2.39008530474064,-6.80201727052193,4.28013255995493,6.26167777278909,1.46866846241259,-1.53287932994172,1.50266918340076,3.05588298921415,5.46175287411993,4.40334526845075,3.97134432962479,5.098370332268,4.28546213590627,-3.60952585073497,2.80172258798526,-2.1675996037688,-1.64068482128317,2.37544651120043,0.658709132259771,1.1473848038107,-0.100127715697082,-1.03394191816822,0.782606597561008,-0.434101589088872,1.56647698285051e-14
"mnsC52pip2p2",22.9177422577282,12.7252981297863,2.93462862640079,12.9035875247598,-0.905798901845452,-0.65595482239572,0.888889981743227,0.00765385861963625,1.67207017795101,3.22018794641984,16.8050688563319,-5.42932598274547,4.97391892374706,2.27895396025458,-3.36206638089903,4.27156498420811,3.96968825555448,3.67736272029031,0.844454535513416,1.15242365358163,-4.25686645551835,-2.85060703853222,-8.90578635002154,-1.53668258516321,4.05863014334504,-0.410319909796942,-2.69062267177495,2.71503214487178,0.842722362648379,2.94587996987018,0.594122982112474,1.16850446575671,-0.843363292213192,-0.52137189773782,-2.4806251000652,0.0599919390719026,0.925235394101489,-0.0809126923668168,1.38721846941271,2.55238538637848e-14
"mnsC53pip2p2",13.9773741316956,13.1329976886292,10.3627298859106,2.72888729148922,-0.593397901979844,-1.62751528979914,-1.36576110600775,1.08504712928705,-4.67533461071558,-2.8460096434951,8.02882474665082,-1.45611070582479,2.64304112332601,1.95513016034747,4.59736448920704,0.471230454840243,3.59069339509165,-0.140858532945821,-0.119917154723027,1.02753566770213,-0.575565581990753,2.94514247835669,3.05001886641056,-3.20564885301921,-2.70993490825945,-1.15853674537512,6.65342118037205,-0.684159744773179,-0.813327497113841,-1.57231784899462,0.91496736976465,3.57688792183275,4.82649325071514,0.546111781594721,3.64586966011328,-3.42902032926428,5.66781152556716,-1.13822750888439,-1.49767365475191,1.71507773261137e-14
"mnsJ1pip4p",-14.7055400583117,23.8407123242287,-0.905020920606292,1.98733967005476,2.09395762226343,-0.331147449074177,5.46088455497407,2.77982038115434,4.40495085334702,4.14219847535621,-4.72553439221891,1.16928135377169,-1.94042833884682,3.17448633011354,-3.00590977767977,9.9311353498634,-1.0272670838358,1.45702137174529,-7.40061400905717,-6.37174418265692,1.0293643863694,-1.65173196838376,4.758616237147,2.81536497044507,3.35183744777913,-2.98042266842448,-2.8687840870196,-0.554540557786281,-3.2474717350708,-1.76310574114005,2.75035755207698,2.72505215267283,4.2046415618618,-3.59781537887431,-1.01829665351583,0.0401595427281466,-0.183740836675518,-0.0355627274158742,0.977071942536958,1.35603334117107e-14
"mns12pip4p",8.92935767187748,-12.9983283665283,-3.42001736375659,-17.4047444990207,-3.42542488047607,6.0118752204122,-1.08501494871339,2.13064979371925,-6.96940488995703,-1.23147908059884,2.49989839283896,-6.70917274429949,0.647132475948333,5.4501754071529,2.69121753612144,1.59001273968565,-0.27728052689727,2.61186359138723,-6.04498275980728,2.85996317281822,-5.06615411073781,3.15345116475154,0.655513628680897,5.43493151543894,-0.532625727447119,5.49109920658217,0.137693823915452,-5.98667070012656,-4.14976013437143,0.297872540574005,-0.41194725319969,3.90028871138238,-3.52311086228251,1.35450194295484,-0.242151164124307,2.46371320859985,0.037944919931133,1.4416986726585,0.28823398620092,2.56779054399678e-15
"mns15pip2p",-25.8316752653064,-21.8532848495041,-8.79184742712541,29.7160303110643,-4.08714322294216,5.48856620478105,27.566856211916,4.31265491691416,-9.17885310731459,-12.2926342977844,-2.39615535013318,0.566299519852563,0.56504881876255,2.36655479788341,-0.26080073071449,0.0938634273246333,0.419111283875649,0.0330328401714888,1.35949903494672,0.129378964505601,-0.0256814732912641,0.439345772506327,-0.269647284849843,-0.372515297531738,0.123699665690037,0.416369077365821,0.0862980200993874,0.0572340618934342,-0.221332011731641,0.0836572496414207,0.22193034280858,-0.385183954052736,0.0100319569708762,0.0416414490742181,-0.273042401499327,-0.192486051252428,0.208064906493094,0.147698266583805,0.00274150368876871,1.00683350545694e-14
"mns15pip4p2",28.5435408672145,-5.62969992757336,7.43050193550703,7.6755189853407,2.96423547398711,-0.307880497492331,-5.90968518226218,-2.51689300223924,-3.43811143632686,-4.33294672612438,3.57468913074061,5.89056513672066,1.48664037536419,-3.36189607620653,5.07229760938779,-1.14989721159238,-3.32447407748976,-5.69293102426232,-1.22158078054978,0.740042113980789,1.81144858521089,1.21330934863079,-1.0383457705609,-5.67739850847074,6.65420064798535,-1.33495868632468,-0.341695329645946,-7.47520285029015,-3.98032561695387,-0.529000475229413,3.29981132349489,-3.53618574156762,2.36985763017113,1.21367421685803,-2.0669656094575,1.31170972472399,-1.93461425635329,1.02690805017521,0.498270934482446,1.08363838735581e-14
"mns18pip2p",-63.5941587578834,6.12631871343281,-19.8855348961552,4.90176770187245,8.44110164536913,-4.09443206971956,-5.1441758934194,-30.6820905613484,-1.03722002460987,-2.96307248354194,4.9540683456874,-2.81021852047197,-0.978181187661648,3.26444790701879,1.56375925523042,0.734393758589254,-1.95414063724612,0.071175072711259,1.10986378702119,-0.0993821758383629,-0.20314263275583,-0.102054694369859,1.09072552917254,-0.0296510916148452,-0.423243012562578,-0.570057449504271,0.180230085656443,-0.954469639247897,-0.193956941743198,0.058380483888432,-0.828200887928587,-0.476001921224272,-0.683880644721512,-0.300285667433641,-0.0037181803191525,0.00687307860464477,0.324503209455041,-0.0976203785480391,0.13024255965932,6.01255156773561e-15
"mns23pip2p",12.0186990301119,-6.26726359932568,-24.8679688123219,9.31698803920158,-0.232021079410427,1.11222376726309,-1.23195216689611,0.65662871026733,10.8799849462811,7.4232131800932,-0.833920502725725,7.1020109437613,-4.4810145715932,3.22084821985634,-4.14700592496657,0.864041127228693,9.75846118272389,0.680746531317837,-1.81764297387385,9.83060350960457,6.74391345021313,5.59692591612075,0.0433682200284411,-0.238007564500073,1.41723972592146,1.41295187530632,0.473425547035634,-1.85837180948685,0.645954391976039,0.362925285517229,-0.359305795921662,0.376513428151979,-0.00712315628100197,-0.525844590315383,0.730942423754727,-0.721923022942734,-0.35449507578664,0.174022349688318,-0.38368252712253,1.95668134472804e-14
"mns23pip4p",19.3343598565228,-0.00908660429546492,-12.1983254249764,4.65948741240791,-3.61588377249604,-6.99081957292052,-4.05699935773928,0.999468313554561,-5.29957779588026,0.174995216779016,2.22296165688144,3.97395797447515,1.16391366966725,0.811566915197311,-1.11992622496856,-1.06037203799554,-0.656659704074617,3.70094658864563,-1.58386607000297,-3.79152438580303,0.107270598563186,0.67411255195741,0.444671740892831,2.294967419111,-5.1992559194068,0.707168482240223,-0.787055241694161,-0.449851640541887,2.05784360630081,2.58946081252337,0.463214648965688,-0.556215533721242,3.9224611286412,2.65591654511915,-4.4782840769507,2.54652715171715,-1.81378456980739,-4.57623175461356,-5.72599509038627,6.62100582693448e-15
"mns24pip2p",17.8453537714897,-24.5282113754225,-3.5891330603453,-9.51695250956419,-0.538035934271387,11.9987099463137,7.61177961559188,-3.27530045810719,4.98784645329788,10.5640431235667,2.16381313983174,-6.98395967240267,3.56156523899695,-0.216348199273476,-4.13707300130647,2.51688781047931,-6.71310882571234,-6.3264110945692,1.54650344306438,0.952707489907693,2.48340411604581,-3.34257949294271,0.750933003202745,-0.425550664910615,-3.09599316697469,-6.01685031648917,1.63381209148141,-3.36706211355341,1.38889625752125,3.92746616158279,-0.337096655268352,1.76551287408678,1.23972111595418,1.51403855981432,1.6067478108223,-0.846531870065844,-1.44079266856935,-1.86412773220876,0.848400252158569,5.43575601197333e-15
"mns25pip3p",-15.9102877410486,10.0742425667418,-5.68849009749874,-5.87496819260003,-9.17845175943972,1.11656125263311,1.859798984075,3.35490666102351,6.2322718120187,1.82221988276992,-0.161255339996702,4.00810876498859,-4.94575313769132,-2.10890695958441,2.52533234921322,-4.43045659588279,2.84687254155221,3.44346433843977,13.501412193908,-2.12274050724773,-1.86958072791179,-6.82892065200835,0.870822734101629,-0.239235870667382,1.32072164713579,1.95015316822342,-2.29919248881525,-5.65667017434795,-1.18592195131132,-0.962932845071342,1.02190793329466,4.7545032654965,0.413608782659829,0.301109942407037,0.374120733878298,0.380060706465102,-0.00357364779319927,-0.890429092570388,-0.0411203286867404,7.83162597273179e-15
"mns26pip3p2",14.5502146102527,5.59101112690134,0.236300804170605,2.82382419327792,12.292921314391,-1.56562795061124,-2.13633420715224,1.37480900313047,-0.901968281698846,-4.63655647675826,-1.72001223169674,5.68191025878903,1.15316129915845,-2.06509738534802,5.35167196491579,-6.08440463270449,-3.85303133266151,-3.06311359308724,1.01233545527978,-1.49636293093149,4.39477349554812,4.60457370225572,-5.59457766408863,8.17792579233413,-1.47892703410445,-3.23858397482239,-4.12717136634922,-0.183920089907895,0.0562231221766167,3.64300289358719,0.569431189603596,3.67754602686041,-1.62702774984067,-3.40841022318496,0.304928785998806,-2.0911683651415,2.23885971825887,-0.374310180827031,1.00490695873485,1.2824593817462e-14
"mns30pip1p",18.5810363364484,-8.54927077407586,-12.0773167127062,1.49943448590993,-0.529207660512041,-2.43797204019937,-3.47241162243711,1.51126920596914,1.29599545851061,-0.379771643599945,-5.79881705931702,-0.930384776902338,-1.12623817691226,-2.83542013310809,-0.166134278414886,-0.0293942247019384,-7.52842147081772,2.52999638114704,-0.438985473175618,3.23870067501801,-0.492710562547467,-2.74932113265704,3.11238480438138,-6.70003645165613,-0.682937812436656,0.328830490588491,-0.202622059854964,1.97150839296464,1.6109933729546,3.19978316159424,0.650016397285124,2.1363813937301,-1.2141297588088,-4.599797387348,-1.85731744163869,3.58953797854543,5.10491852711643,3.9701018544277,-1.99011186079092,1.91027749174566e-14
"mns30pip3p2",1.25521009890216,8.71935557544942,25.6697635694366,1.37933996934585,10.0981829902845,8.2671256896514,7.26236748460158,-8.21924633464646,5.6167867541708,5.87417728380432,-10.3418097046036,1.4756176739167,3.17811761604901,5.0883169076024,0.345679168140297,-12.2360631942499,3.45911137094415,7.50825323164444,-4.55694684418095,0.69282371645602,-4.20954988705541,-0.721466962355595,-0.483129376427683,-1.85397084313628,0.39691577617627,-1.80611055787284,0.912700568443398,-1.32106246226307,0.624540495827371,2.00993458998104,-1.12670958135695,-1.08713545741988,1.12596878216887,-0.0740940878757805,-0.331597170675053,0.713906790867652,-0.45912270857825,0.116901029173147,-0.204087532460123,1.4177244447855e-14
"mns32pip1p",-0.893158044115316,12.0555830585982,-5.16419681478346,0.346861220520816,2.9171587376094,-2.5328575741578,-4.42475650690666,5.56405120553408,4.78320834364872,-7.35542838358881,-11.1448477251521,-4.29022625276781,0.927629243366019,0.926605649539541,8.15352184651247,5.45411507631713,-0.33194763813045,-1.37529700491174,-0.486583585473796,5.30725689300371,-1.16213863022225,-3.08316792885944,1.08397960078138,-1.65768144342855,2.05825167658619,-0.00567426273417905,-2.97451233368035,1.99521051948916,-1.49788222758745,3.42617614287692,-6.66203362061141,-0.171933448415614,1.09507317252076,4.72857050700898,-1.15407985124828,-2.51722790113969,0.0477089592492204,-2.29458498339259,0.88943053931062,9.87491338699797e-15
"mns34pip1p",19.7859794948445,-9.96953772584626,22.4426642744946,1.57379649770486,-13.5890537402128,-1.64692132016488,-2.83408669210426,-13.9347249509369,-6.31418966575603,1.1993556121569,-11.9519433653517,-2.93166237447321,-1.9133330890123,-0.185774799055988,-2.93838938328686,3.43130788380547,6.44208996596247,-8.92701494877796,3.13217453428909,1.79650030054823,-0.335324411594125,-1.19802583427627,-3.3914489273081,2.93012472674591,-0.582157192222117,2.40837235873015,-2.16991081870676,2.71319259408214,-0.691487685305517,-0.41969860717552,1.43271113243281,1.49934423964051,3.03579435032736,-0.312256842912184,-0.300043139950293,0.668044361555289,0.417346752376419,1.89945445165236,-1.73833920846159,1.19717603885849e-15
"mns35pip1p2",-7.39384650019993,35.6514050668008,-3.84970067459639,5.21799097134026,-2.22074190022935,-2.22848935227121,4.46386604019414,5.89435383832867,5.86411276719235,0.825038622910072,2.62278477737316,-12.2653526493885,-6.20348899753045,-0.315553664002909,-4.56517658235393,-9.64581517469315,-4.62086128982421,-9.69672514184777,-0.557328670070127,0.728402381219454,-1.55663055202047,5.02533178019572,1.29586336695179,-0.694139177072787,0.0854625370078513,3.68067315165131,-0.197494902270092,0.614246259676575,0.772123841192967,-1.03757250898986,0.33472017254552,-0.322075558778724,0.824647515998668,0.383592785306649,-1.62089568175772,0.0866548501430329,-0.845878492892002,0.0745575199204542,-0.104799118073018,1.02385547956496e-14
"mns3pip3p",15.3022520447564,3.32131933685402,-8.22828068039398,2.51637071920059,-4.88198562764394,-6.87691505206337,-4.07368281999033,0.277771753963062,-6.14590255027159,-0.538723156240394,-1.66286845982944,2.36469832369112,1.21823580055669,-0.248235842761304,-2.32157159038188,-2.19734118734996,0.378855482760151,2.75420371753874,-0.140933687333707,-1.39601412438384,1.59099143569484,-1.29398933685142,1.16070313318636,1.53334999751824,-4.38374663332167,1.64215444224343,1.51984730347438,-0.260432327074086,3.52587467161324,0.326668684084125,-0.0884176611105836,-0.980766727309466,4.21645690840297,2.85921749699504,-0.653584836279782,1.82933482446008,0.574957997781904,2.34211938505686,8.58236089074469,1.4586422347751e-14
"mns41pip4p",-16.6457681234466,-9.93660267247475,17.7305253173834,-5.25050658675248,-19.5171031238393,-3.96196054369313,3.40674407642349,-0.83216325822508,10.7017016509051,0.0536058195337998,5.20563324906122,3.07042242613013,-10.0847415286657,5.81293064987548,7.31741764108897,0.659667964244319,-6.81468968558434,2.43417993806615,-4.66743171719107,-0.281422658488977,5.4916583782384,-2.49675384993154,-5.83320782947417,-0.404883847269941,-2.1685164645894,1.75554466733123,1.96600092166954,1.72243462227744,0.220252295687574,-1.03088355629915,-0.21259172101722,-1.32179119662877,-0.0174425145821583,0.245053570209255,-0.101301508093117,-0.368247906816542,0.0974314872005534,-0.017369977194209,0.109096012697604,-1.23685783837146e-15
"mns4pip3p2",14.9046240894968,4.53982012412562,8.26355739067074,2.42324551062973,2.31473378046039,-4.19478831806487,1.8386486627786,0.39020611477684,-0.336458520667835,3.10634448486061,-1.3021130569878,-2.58409323223428,-0.849711681383377,-0.655115336902576,-2.22793822372698,3.47380110966241,-1.07614911401271,4.55453993784754,5.79107957724095,0.281900853266805,0.842713262438068,6.81596791649983,-1.74853286665118,-3.77098428308724,-7.48414711361914,-4.71643544978263,-3.08963864776442,-0.167179742439695,-6.6043748384437,-5.03097284823738,-3.93418583036009,-1.41905559620491,-1.82441378601616,-0.533010769148543,-0.772221087362055,1.87853015641185,-0.489545225777919,-0.0121174330569139,0.721248844052858,1.20879868614754e-14
"mns6pip1p",14.5502532000305,-3.19981366338915,10.121072989928,0.667142052913999,-7.80792181871675,-1.43743975854101,-0.69597117674173,-4.38685366028285,-3.33111971961305,3.59694793649586,-6.03641840249527,0.917033954727056,-1.35787540607468,-1.67667278551795,-0.973669685412802,3.34155810013287,-1.07665283940625,1.26121349903426,1.52962108440229,-1.01316254495758,-2.04943673178134,3.52714372561875,3.61955867948586,-1.4635830047715,1.35583630727727,2.71692992176453,2.50369238179396,-1.17867771000765,2.58292665331343,0.352505042870863,2.95605954653306,-1.58354440505815,-5.9740458426551,-2.39793348258244,-3.8291180603792,-4.09259604471044,1.37405509214523,-5.58006306307198,2.60024996559817,1.87115947736238e-14
"mns9pip2p",-58.4433387366183,-8.64355064504134,12.017800912932,24.3715412647344,-6.86147714780034,22.6973602718643,-22.3147300865387,9.05822264223518,-0.1123332063347,-0.641678454455481,0.0155992120503821,0.259345794147005,1.45499703324411,-0.673611896115896,-3.67378511680923,-0.124962982035874,-1.91971387749193,0.973547113515342,0.197637344275569,-0.286815097535923,-0.148320626538039,1.22425954606372,0.263959887328806,0.676894205957696,-0.829971906766246,-0.612575314656847,-0.112094022727121,0.427772806656754,0.340667374158077,-0.330013604252449,-0.39046291489394,0.491676700594895,0.221356455266793,0.0446096749876828,0.0259844996677567,0.127037512917931,-0.11646455970524,-0.0562823078687024,0.0201680335274296,-2.26164573180476e-15
"mnsC52pip4p",-47.2663586183184,-20.0464841804489,4.43118943896393,4.51490577815214,17.5821357797142,-15.1426022998137,-0.588981491621527,10.6303574327473,-13.211895623929,18.6738593596285,0.014351649470119,-3.62874899409301,-4.12558003547322,-0.682652509726034,5.2860439498378,-0.841792778101322,2.2825659599479,-1.6866240410611,-0.283104713894876,0.435934054497108,0.340302062546848,-1.99287853444172,-0.920255232121918,-0.858848516558906,0.751989262941495,0.704541273808755,-0.0457695166374495,0.580718802570602,0.0996075206979777,0.289177463842919,0.490862411072357,-0.358266998825842,0.132663970199647,-0.139358657858348,0.239063225834564,-0.0516600202202774,-0.194511998890917,-0.0794296982474118,-0.0194843699701463,-2.82262277787049e-14
