"","Comp 1","Comp 2"
"X8.436166407",-0.0507793115905224,0.0251807939185161
"X8.436666407",-0.0449997958242761,0.0247014583257923
"X8.437333094",-0.0142371675496779,0.0139306619313109
"X8.437583094",-0.019302777160187,0.0105976854094528
"X8.437833094",-0.0147017949382835,0.00329699963796024
"X8.438249761",-0.0162760685892506,0.0106162893117659
"X8.442499741",-0.0189895706181263,0.00698384551828722
"X8.449999555",-0.0142009056585832,0.00696341291824698
"X8.585916742",-0.0438845146170058,0.00891612349582246
"X8.896167029",-0.0139767660171761,0.00470406852847954
"X9.17500017",0.0814916254365179,-0.0728093520739681
"X9.175417023",0.139777991121886,-0.0963945078176356
"X9.1766664",-0.0152022504699363,0.00212382415836076
"X9.176666957",0.022433479739657,-0.0672436049012404
"X9.182166672",-0.0780801717389793,-0.014209954482049
"X9.188416734",-0.044763922876871,-0.00888027901101986
"X9.189499975",-0.0356368439783376,-0.00350002223638245
"X9.190333318",-0.0625136561469004,-0.0151839455519954
"X9.191083308",-0.00926877903642664,-0.00207043228259977
"X9.191083411",-0.096301122620035,-0.0111322015278049
"X9.191416827",-0.0221393366813111,-0.00422411681191063
"X9.191833504",-0.0888812153662917,-0.0179978553330864
"X9.19216692",-0.0739987625651144,-0.00810859786545516
"X9.192500336",-0.0393146735103976,-0.00730466825934318
"X9.192666711",-0.0796832908759179,-0.012224986204509
"X9.192833087",-0.0871282242904187,-0.0113897204853289
"X9.193083252",-0.0716269552282227,0.0160144373906015
"X9.193333417",-0.119877724853503,-0.0194330592010546
"X9.193583504",-0.011800309290204,-0.00201905507334414
"X9.193833202",-0.0171604165715476,-0.00276765853127977
"X9.19391692",-0.0355864933588716,-0.00394085860666169
"X9.194083295",-0.105587152189171,-0.0159536947158189
"X9.194833318",-0.0130102204330101,-0.00296546575878445
"X9.195333504",-0.0258662321914225,-0.00369741366951575
"X9.196333318",-0.0269379137251728,-0.00586716807562023
"X9.196666651",-0.0103135946776821,-0.00178517602874173
"X9.197999799",-0.0127134105807278,0.00257772216529617
"X9.204166466",-0.01278145544512,-0.00207280430917114
"X9.204999985",-0.0136770987720325,-0.00352389456636628
"X9.205083318",-0.0149025616811049,0.000648823710785781
"X9.205583132",-0.00797330837282568,-0.00154142904582066
"X9.206500005",-0.00675791406038908,-0.002731863507053
"X10.16725019",-0.00616020730113501,0.0129104152126597
"X10.17216657",-0.0130682705413491,0.023597189694025
"X10.1722499",-0.0276857510700519,0.014284587518518
"X10.17233324",-0.0196387634310285,0.0192493409637077
"X10.17233333",-0.0154444071276374,0.0145038119590692
"X10.17241666",-0.0162130184683106,0.0216526329365174
"X10.17250009",-0.00536633821183066,0.0158186321646167
"X10.17266639",-0.00933104576329841,0.00607762430887669
"X10.17266658",-0.0189806683410535,0.0217317625732172
"X10.17266659",-0.0233861527417916,0.0122843216683767
"X10.17266667",-0.00867975570458036,0.00911098412378602
"X10.17266668",-0.0384506179020794,0.0499111959892679
"X10.17266677",-0.0174674463730199,0.01207463537117
"X10.17266678",-0.0230149633428273,0.0360830440643488
"X10.17266687",-0.0173858125351743,0.0134416736437488
"X10.17266695",-0.0347395927545827,0.0422071606149194
"X10.17266696",-0.0326056193818453,0.0846614254887137
"X10.17274992",-0.00760549979891739,0.00760014095409309
"X10.17275002",-0.0331369234289442,0.0420819230488743
"X10.17283307",-0.0347727495038421,0.0360824305191069
"X10.17283326",-0.0114673901368379,0.0191304737765244
"X10.17291658",-0.00595192444413692,0.0121665366050718
"X10.17300009",-0.0151027067033768,0.0188597529707238
"X10.17300018",-0.00937031646897845,0.00961575738485586
"X10.17308326",-0.0182400720453368,0.0131758747348395
"X10.17316668",-0.0297162147740501,0.0335117270102704
"X10.17316694",-0.077576379353658,0.0772527231786797
"X10.17350018",-0.00978432470602627,0.0104012660737819
"X10.17383342",-0.0119495864354475,0.0249617803146713
"X10.1738336",-0.028783939526844,0.0385777593580645
"X10.1755836",-0.0312700714498317,0.0290732465187207
"X10.17733377",-0.0140880357530855,0.0221052687479699
"X10.17900003",-0.00529089161289742,0.00768045938606098
"X10.18083353",-0.00733184797464507,0.00630183701552567
"X10.18783344",-0.0400448131172158,0.0346350745407936
"X10.18841677",-0.019113297690015,0.0262548183559343
"X10.18850027",-0.0165258509475119,0.0122642809489641
"X10.18866696",-0.0116515753972182,0.0152577072532045
"X10.18933313",-0.0665782735783819,0.0686591449314082
"X10.20399994",-0.00733348206720542,0.0107307325236738
"X10.47549964",-0.011252106394069,-0.00649131167171951
"X10.47700018",-0.0292091764672437,-0.0154943876378219
"X10.4785003",-0.0132429030442638,-0.00621782458641503
"X10.49258364",-0.0104502099281427,-0.0151139645149201
"X10.49283297",-0.00682612090595091,-0.002155039247464
"X10.49333372",0.0357331021867341,0.0501320025839658
"X10.4937504",-0.00193504937560215,-0.00819708696928497
"X10.49616707",-0.00788118471595124,-0.00642593942869902
"X10.49683355",-0.00302781917134688,-0.00146447145582084
"X10.49783295",-0.0142613416627537,-0.00200292656292542
"X10.4981663",-0.0149345500641612,-0.00783401767780393
"X10.4991666",0.0105855007354939,-0.0132473291894868
"X10.49933295",-0.0174616815036363,-0.00359015635582716
"X10.5011663",-0.0235309148624194,-0.00339889769479018
"X10.50149964",0.0355480993729617,-0.0257467831183341
"X10.5065002",0.000986598067380431,-0.0027369816992783
"X10.50733353",-0.000374957787302387,0.00164366114052842
"X10.50741688",-0.0120950221113748,-0.00203909437963346
"X10.50816687",-0.00888925554404697,-0.00230008503002692
"X10.97316683",-0.018409603482233,-0.00442459322359731
"X10.97774998",-0.0172803601755803,-0.00410857732115815
"X11.00141646",-0.0166061113524214,-0.00290009314743407
"X11.00516665",-0.0205575168954509,0.000454093903588583
"X11.00591656",-0.0151403292502422,-0.0020343842675662
"X11.00733313",-0.049299859406085,-0.0146643548391514
"X11.0086663",-0.0115742631245749,-0.00241467307548247
"X11.00966665",-0.0333292663127036,-0.00492964084361651
"X11.0097498",-0.00760183077868792,-0.000817794721338125
"X11.01008341",-0.0130574246374496,-0.00357375461546477
"X11.0144998",-0.0120024915123785,-0.0042832918939396
"X11.01483334",-0.0126108750972567,0.00140167427658412
"X11.01583313",-0.013295898408244,0.000610806078763264
"X11.0167497",-0.00107817015837205,0.00108810180787447
"X11.01749982",-0.00920005241954005,-7.38182742338289e-06
"X11.01916681",-0.00029534606247906,0.00138823897398374
"X11.01949991",-0.0108869538686734,0.00606252881387921
"X11.0345",-0.00840916875173656,-0.00188276394529913
"X11.04091675",-0.0199355722060036,-0.00463956567318363
"X11.31400028",-0.0152080595446107,0.00636946260490075
"X11.70458354",-0.010006023253548,0.00240748017054863
"X11.87899969",-0.0414355919974731,-0.00324130319009276
"X11.88049999",-0.0253415835110304,-0.00106314179916832
"X11.88199952",-0.0241418227062608,0.00115079283539922
"X11.88399971",-0.0111205222582018,-0.000514118342013547
"X11.885833",-0.0171804620340717,-0.00157629663403946
"X11.89033293",-0.00756160008834994,-1.16224042496882e-05
"X11.89083302",-0.0268330271081509,0.000369815479976378
"X11.89283294",-0.0157565228022812,-0.000797329731641465
"X11.89483286",0.0335962130391808,-0.00145253306542945
"X11.89483323",-0.0153981889358839,-0.000187381378569346
"X11.89483331",-0.016052872881889,-0.000975598384453568
"X11.89483351",-0.017758387812521,0.00223394246511262
"X11.89483361",0.062605425330276,0.0204401256318108
"X11.89483369",-0.0252152900450986,-0.00269391762611247
"X11.89483377",-0.032752438896746,-0.000550485376629454
"X11.89491656",-0.00741329030807457,-0.000724209007207572
"X11.89491665",-0.0110472289098511,-0.00173714511411369
"X11.89491703",-0.0119568828297341,0.000692271719907856
"X11.89499952",-0.019513873115791,0.00021213181019781
"X11.89499969",-0.00865024138592253,-0.00075397675449867
"X11.89499991",-0.011055191936885,-0.000714918373505638
"X11.89499999",0.00336699267223801,0.000577257390193241
"X11.89500029",-0.0067349108866946,-0.000613074680173186
"X11.89500036",-0.00537200022700088,-0.000414493840348976
"X11.89500038",-0.00145263267838247,0.00171313253527834
"X11.89500044",-0.0127401630157313,-0.00035854009945362
"X12.84099963",-0.0188983622599536,0.0453861522533695
"X12.84433313",-0.0707458614419576,0.109259119322335
"X12.84450038",-0.011374944507784,0.0172099662991209
"X12.84458335",-0.00704841317368568,0.00936709051164372
"X12.8446663",-0.0108607533390507,0.0109202325934705
"X12.84466648",-0.0244282031181433,0.0378517168521658
"X12.84466657",-0.0139120052999909,0.0244691600098488
"X12.84466667",-0.0325475883780823,0.0554469880495495
"X12.84500038",-0.0237619776598914,0.0352757721826676
"X12.84575",-0.00520558485659694,0.017173172893996
"X12.84649963",-0.0303653352976331,0.0373362544996211
"X12.84666648",-0.0477732303826708,0.0832949547257539
"X12.84683333",-0.0124630123781734,0.0182093526067422
"X12.84724991",-0.0297932494581795,0.0341231194644545
"X12.84766648",0.0523789498138336,0.112367982139776
"X12.84899991",-0.0158879130171146,0.0344042970625031
"X12.85116648",-0.00971392717311379,0.0160620498194627
"X12.8512498",-0.00571877897345568,0.0182203021125521
"X12.85133313",-0.0172424471867935,0.0230787403184563
"X12.85208315",-0.00403088169509489,0.0111377833037605
"X12.85249971",-0.00401773016956194,0.00842562395390515
"X12.85299981",-0.0127471888448062,0.0184945555824077
"X12.85383296",-0.0233972822821115,0.0362025652983776
"X12.85424964",-0.00678696633859323,0.012149389723896
"X12.85849963",-0.0168302285641812,0.0239334849254164
"X12.86033343",-0.00659368487670386,0.00814464401430649
"X12.86066708",-0.00310280780513528,0.0111189207580723
"X13.32750025",-0.0161763163111624,0.00654618443430461
"X13.32950034",-0.0264745730096776,0.00190310929433468
"X14.18216657",-0.022539380700831,0.00424942517635984
"X14.21349995",-0.0168192082679734,0.0139270770378904
"X14.21550005",0.024031071675594,0.0121654745528473
"X14.23091652",-0.0244875260839528,0.0147421878226616
"X14.23099984",-0.00289740099796971,-0.00807074182751212
"X14.24983303",0.0915903595858347,0.0175916878759147
"X14.25016646",-0.0404645893956119,0.0485442113053534
"X14.25416644",-0.0598659243947715,0.0329204919758252
"X14.25466643",-0.0388929040987816,0.0401570944793222
"X14.26099966",-0.0311957348645991,0.0273320757983833
"X14.26100045",-0.0211273847166956,0.0450270514043901
"X14.26233322",-0.0102003338725066,0.0307372351093575
"X14.26308339",0.0357946479006317,0.015788810259606
"X14.26333301",-0.0216707079233059,0.0548005204813616
"X14.26341636",-0.00942032133812155,0.0280735623017605
"X14.26349968",-0.012708114500783,0.0635388233312776
"X14.26383322",0.00266786410811253,0.033271009232001
"X14.26533378",-0.0119885864527529,0.0193916747839518
"X14.26866702",-0.00648232004259173,0.00777918175024968
"X14.27066693",-0.0474063105511349,0.103889805307247
"X14.27849968",-0.0128525286915491,0.0126932190048015
"X14.27883341",-0.0179525301020447,0.0472085199525518
"X14.27966673",-0.032922851165866,0.0362296836330801
"X14.28075006",0.29431098325374,-0.103459977911312
"X14.28283331",-0.0130321027863058,0.0191566645405557
"X14.28333322",-0.0698267292683176,0.0508893457869347
"X14.28508329",-0.00718099876052786,0.0089777929335327
"X14.28608341",-0.010807919775713,0.0166957471773809
"X14.28616703",-0.00567618896915567,0.0179258460805533
"X14.28674998",-0.00947269559078795,0.0123939173080116
"X14.28925006",-0.0154663651286011,0.0158540514588407
"X14.29300026",-0.0157467645736397,0.0133634513677148
"X14.29316664",-0.0409870032550345,0.0377703722153876
"X14.29333301",-0.0450609246734951,0.0462809427520682
"X14.29466713",-0.018876590972267,0.0156981157896683
"X14.29474997",-0.0111524831780346,0.0127582949399017
"X14.29575047",-0.015737686606018,0.0166781597736898
"X14.29616693",-0.0138093058124602,0.0132371734840915
"X14.29666693",-0.0683979931212834,0.078640881928781
"X14.2968338",-0.0251054965614244,0.0311942057749157
"X14.2973337",-0.0255637297188864,-0.0111638923993039
"X14.29783303",-0.0184358347409023,0.0307905019512296
"X14.29925047",0.101973731077432,0.0580342081435061
"X14.30141694",-0.0611408355707727,0.0833253280590191
"X14.30408361",-0.0331983939502612,0.0639056987661225
"X14.30466684",-0.0514306589816798,0.044984152636817
"X14.30916695",-0.0860451005126149,0.0246676372232416
"X14.3094997",-0.0121344631406961,0.0243325262358555
"X14.31133331",-0.0345997142817438,0.0574160739942355
"X14.31399966",-0.0190378623874869,0.011371915117908
"X14.31925027",-0.0154880544704822,0.010597362012477
"X14.32691685",-0.0252959635939107,0.0363895991945457
"X14.32866685",-0.0131316109624205,0.020473826073343
"X14.34050012",-0.0124493576081744,0.0186215085810035
"X14.34150028",-0.0240638384287575,-0.00311641031934065
"X14.34158344",0.288665814894605,-0.128416933565283
"X14.34291694",-0.0146090817931353,0.0185186112247886
"X14.3443336",-0.00224752338288154,0.00193153669844577
"X14.34616637",-0.00154652141277008,0.0232066943428938
"X14.34641686",-0.00386847539383753,0.00798117726593562
"X14.34725027",-0.0108282835230699,0.00214042391086679
"X14.34775018",0.00439541147406871,0.00774446411825462
"X14.3480001",-0.0283724301370828,0.0336320773147194
"X14.34816656",-0.0113340610855924,0.0131722325907519
"X14.34816666",0.0148394377084879,0.0146453566355524
"X14.34983343",-0.00764343079783354,-0.03291669653073
"X14.3500001",-0.0168953549241227,0.0136700202110409
"X14.35016686",-0.00358881509714277,0.00100175978728823
"X14.35016695",0.0254975050197301,-0.0213293755669178
"X14.35075038",-0.00726087963535662,-0.00210013075584726
"X14.3513338",-0.0143483898680411,0.00895389543589854
"X14.35250017",-0.0164666793817378,0.00351890497388384
"X14.3535002",-0.00694657559938644,0.00129086363331052
"X14.35383351",-0.0459239446694929,-0.00299497982588726
"X14.35483343",0.00116134090077838,0.0136903076470371
"X14.35550028",-0.00914209816624055,-0.000845461754189464
"X14.35683345",0.00960556316903142,-0.00916362666213462
"X14.35750008",-0.0159961432232215,0.00811732822837463
"X14.3576666",0.016153992650754,0.0639967553283113
"X14.35858353",-0.00537092170056785,-0.0131838967525567
"X14.35883353",-0.00741729102139704,0.00359479829375774
"X14.3598336",-0.0173696798062238,0.00269064096763765
"X14.36033362",0.0114339528312424,-0.0998688035089426
"X14.36058362",0.0217720606461896,0.0158186480909071
"X14.36083362",0.0442757252081235,-0.0456227364701602
"X14.36150036",-0.0176661857127988,-0.00109269126266857
"X14.36175009",-0.00550700964076706,0.0287880586144291
"X14.36183341",-0.000614152479850184,0.046944227900412
"X14.36200029",0.0132454703307523,0.0653191852132825
"X14.36216703",0.0725296094288614,0.0151411287370891
"X14.36216711",0.130072261450872,0.036138655178586
"X14.36341687",0.00820065542763958,-0.00400149713059754
"X14.36366687",0.00867725430903026,0.0118210544459182
"X14.36433362",0.0272126750954247,0.0493334433891117
"X14.36650012",0.0652790715504884,0.0216987982261973
"X14.36700012",-0.00221748405267883,0.0226834717168139
"X14.36800026",-0.0036853572697165,0.00709233280488591
"X14.37008335",-0.00921856601561492,0.00651596598315869
"X14.37008344",0.0187730524546986,0.00834749500947557
"X14.37241675",0.0283153003193646,0.0656943320172211
"X14.37241677",-0.00536202673806333,0.00449420090686662
"X14.3730003",0.00531270295277714,0.00545661275809166
"X14.37366666",0.00153986341882747,0.0222276154709911
"X14.37366674",0.00541701678385803,0.00421989564246148
"X14.37366676",0.00321440646859433,0.0225819346558226
"X14.37683364",-0.0105652013319327,0.00131001368910741
"X14.3777503",0.000608412735120624,0.0146263776441091
"X14.3780001",-0.0102777388454667,-0.000196456194325103
"X14.37816678",-0.0109875207431324,0.0117849851921537
"X14.37825011",-0.010966457448595,0.00649434131050958
"X14.37833343",0.0108779454677828,0.00120147572854222
"X14.37841688",-0.000576471664616856,0.00428940268563707
"X14.37983344",0.00648889983144103,0.00841491323046282
"X14.38066658",-0.00875723007990606,0.0396491567199523
"X14.38099991",-0.0139291061681052,0.00539380154213137
"X14.38316676",-0.00121437385380217,0.00714043034354337
"X14.38633324",-0.00483738298235235,0.0277099854424988
"X14.38983335",-0.00065803775402329,0.000109822621119444
"X14.39449991",0.0154214145682922,0.00362570016109175
"X14.39516658",0.0100435164954398,0.0238217939764379
"X14.40608316",-0.0161603561491849,0.0254334150249548
"X14.7854168",-0.0211558694299499,0.0369209574417722
"X14.78850023",-0.00700423422256466,0.0210770636065328
"X14.78933337",-0.0133142952300961,0.0227493160608398
"X14.79200023",-0.00457793114157769,0.0140115072008166
"X14.79225004",-0.00942439813271238,0.0102358281019729
"X14.8081665",-0.00696145511577718,0.0232391781482239
"X14.82299995",-0.0586100885430298,0.0647346575758939
"X14.8231667",-0.00908498900989379,0.0165389609005449
"X14.82424968",-0.0366408670651655,0.046409467107197
"X14.82433303",-0.00648920503197254,0.0115785313270676
"X14.84824987",-0.00408718215455049,0.0180054775167966
"X14.85466634",-0.00286779776914574,0.00668184051270615
"X14.85466652",-0.00797048640941716,0.0155756270563692
"X14.85483321",0.121453848538859,0.00567949858633336
"X14.85524988",4.68842418585018e-05,0.0120781965918523
"X14.85641712",-0.0100419623286958,0.016216976037593
"X14.85658348",-0.00575270618551913,0.0175956874292517
"X14.85683319",-0.046968356214625,0.0707465870025478
"X14.85683348",-0.0144511399275236,0.0154220316443786
"X14.8573334",-0.0200618613863628,0.0515605622085202
"X14.85766645",-0.0100470603794305,0.0243447223195257
"X14.86299988",-0.00290851981312306,0.0104018274027131
"X14.86516692",-0.0044240426574733,0.0094465353146584
"X14.86658349",-0.00599872378594778,0.014303320548342
"X14.86866636",-0.00845646918000333,0.0185307988611804
"X14.87033377",-0.0212055362812404,0.0209481331002072
"X14.8713331",-0.00640047274862477,0.0271773872183509
"X14.87208338",-0.00498041859805362,0.0178748885003101
"X14.87216643",-0.00855718079139938,0.0133909353489647
"X14.87266638",4.42121205469953e-05,0.015170772097034
"X14.87266654",-0.00684014277546829,0.00983861668603194
"X14.8730837",-0.00697697117704172,0.00855826335434882
"X14.87350046",-0.00516943470586774,0.0143630583399592
"X14.88866627",-0.0325145206394266,0.0382082310907231
"X14.88866634",-0.00761397811094078,0.00906340139598943
"X14.88866713",-0.00158881879480277,0.00831826323473274
"X14.96925002",-0.00258887503513106,0.00124082138648793
"X14.98183342",-0.0453056214985251,0.0419996961706662
"X15.03283316",-0.0158554186400044,0.0942463335295215
"X15.04116641",-0.00342520553646877,0.00643613712913497
"X15.04966658",-0.0755835786065251,0.051812579827546
"X15.04966668",-0.011751884889273,0.0112226257276737
"X15.04966678",-0.016409253164706,0.0164312013980574
"X15.05024994",-0.00830636738134008,0.0105740567865572
"X15.05049974",-0.00591974210716161,0.0095812972509799
"X15.05283309",0.112012166619896,-0.0282030384891719
"X15.05799976",0.000861408446764577,0.0158821574297653
"X15.05900032",-0.0113633185476453,-0.0282393961865864
"X15.06333324",-0.00383606429268955,0.018983565541774
"X15.0646664",-0.0343975012904819,0.0360851487714917
"X15.06516632",-0.00774914076018248,0.0124417518769483
"X15.0651664",-0.050233350590008,0.034016778827071
"X15.06541632",-0.0216807986877019,0.0209034714534109
"X15.06566638",-0.0184319399194578,0.0211100400613495
"X15.06566639",-0.0315501742071389,0.0321354526682912
"X15.0656664",-0.00975769837655411,0.0147072721940028
"X15.06574973",0.0019422585932677,0.0348983593128858
"X15.06583305",-0.00629958017344147,0.0172123091984548
"X15.06583306",0.0258785373093326,0.0126829752684141
"X15.06583307",-0.0285059381015594,0.0382070404121756
"X15.06583308",-0.00868001940080823,0.0165092430156487
"X15.06583309",-0.0164206899889691,0.0123774781789741
"X15.06583324",-0.0273659679182093,0.0297327795940205
"X15.06583326",-0.0241956027862525,0.0154384553615885
"X15.06591641",-0.00552663907371537,0.00755898865968011
"X15.06591652",-0.0174380153451799,0.0135710784660887
"X15.06599976",-0.00648280902656968,0.00950535824024265
"X15.06599994",-0.0735854937351832,0.065323658665275
"X15.07308317",-0.0104243652720725,0.00575165077946638
"X15.08183367",-0.00938938865053498,0.0049568751081619
"X15.70950025",-0.0289105829846892,0.0312254225906238
"X15.71716623",-0.0201083710834623,0.0167730609054411
"X15.71883369",-0.0145912366186619,0.0506350994204319
"X15.71950025",-0.0147037795601988,0.0233066327721326
"X15.72016681",-0.0329374586263033,0.0310778244607898
"X15.72249995",-0.0246991333614242,0.0219050020836248
"X16.06349949",-0.0102282866143626,0.000238890766203484
"X16.06375026",-0.0411921321815151,0.010099856289121
"X16.06591692",-0.0204926053751756,0.00489013070032145
"X16.07750026",-0.0183407188150946,0.00100416599280102
"X16.28566736",0.00447497681858518,0.00216507341634517
"X16.28900072",0.0014291582130449,0.000371681275724225
"X16.29350035",-0.0117862537976814,0.0102258400037837
"X16.29466738",-0.00655241444131372,0.0810523698700121
"X16.29633291",-0.0120441219013782,0.00545483926197507
"X16.29983289",-0.0377548069123164,0.0405859048409832
"X16.30075013",-0.00815336253748402,0.0181390479416293
"X16.30149956",-0.0269109540829937,0.0316896779539688
"X16.3016668",-0.0193686650239046,0.0214450330641719
"X16.30166738",-0.031181619241491,0.0383049805216092
"X16.30224996",-0.0084402273082705,0.0140826663699262
"X16.30266587",-0.0101637335654673,0.01500181345355
"X16.30266701",0.10912903694138,0.0304502167804966
"X16.30308329",-0.0272897170674511,0.0309135132675691
"X16.30349956",0.0173063697685912,0.020037078710211
"X16.30399994",-0.0520552651135568,0.0549583768447605
"X16.30416622",-0.00700991243881114,0.00721132067841827
"X16.30450033",-0.0212747464653065,0.0231370107463935
"X16.30466661",-0.0164012849868234,0.0192525902482844
"X16.30466662",-0.0399794072592838,0.0388766680272238
"X16.30483289",-0.018383294520278,0.0263035750238097
"X16.3048329",-0.0190235011645438,0.0208818203682553
"X16.30483291",-0.0217777169167583,0.0731649040884443
"X16.30483329",-0.0112785658394221,0.0124239518364253
"X16.30483347",-0.0145509404290544,0.015904123098494
"X16.30483403",-0.0473924844826959,0.0748522285479834
"X16.30491623",-0.014225500348318,0.0486023318500149
"X16.30491662",-0.00446389714706812,0.00628218974209312
"X16.30499956",-0.0166602386340239,0.0301402890024381
"X16.30499957",-0.0161731893710622,0.0225110088902571
"X16.30499958",-0.0197873520276847,0.0204882755008472
"X16.30500033",-0.0628857443067059,0.0483348974706619
"X16.30500034",-0.0195636972334539,0.0153178534224751
"X16.30500035",-0.0421449949516051,0.0321877848866738
"X16.30508368",0.0152715209969555,0.016566823424593
"X16.30516701",-0.0128209222458122,0.0154421751303365
"X16.30550035",-0.0109140860302133,0.00741237999102367
"X16.306417",-0.0109193176981319,0.0172470260630851
"X16.30849976",0.0410618588044927,0.0376912216614562
"X16.30933252",-0.00377559596031995,0.00763253606199926
"X16.30991604",-0.00234720535050895,0.00886011464329458
"X16.31000033",-0.00718683981246396,0.00686149478816103
"X16.31024994",-0.00463223048573874,0.00861979460934303
"X16.31049956",-0.00448194744266949,0.00981078959826701
"X16.31166622",0.00239760028925439,0.00783274517073579
"X16.31166699",-0.0223642915757308,0.00844933784286468
"X16.31549954",-0.00810023416953964,0.00781137842534561
"X16.32116699",-0.00874736586966988,0.00717654952616245
"X16.86750012",-0.0269060064629723,0.0299027683461821
"X16.86783423",-0.0227333806856675,0.0274152547802008
"X16.8680007",-0.0292133486497227,0.0359396191168904
"X16.86816717",-0.036884990291839,0.0471523347924046
"X16.86833327",-0.014752348491838,0.0243914932480667
"X16.86849936",-0.0773908042087433,0.0659911960037451
"X16.86849955",-0.0146362799318926,0.0210625609721163
"X16.86849974",-0.0529653851611898,0.0796161143770424
"X16.86849975",-0.0163631117761045,0.0183396022679944
"X16.86849976",-0.0152248107516922,0.0658578626785532
"X16.86850012",-0.00896596979230517,0.0111323726366809
"X16.8685005",-0.0155398179660517,0.0384614354407072
"X16.86850051",-0.0110870914669475,0.0102998759508761
"X16.86850052",-0.00969326535985877,0.00441213758468118
"X16.86858329",-0.00623149271524052,0.00908606993022794
"X16.86866605",-0.00440852868895773,0.00747878282430941
"X16.87074957",-0.0105047426006553,0.0094312977009631
"X16.87091681",-0.0104148771443457,0.00986448160393299
"X16.87299975",-0.0116985634097736,0.0102782444629834
"X16.87725013",-0.0102922061451844,0.00942027030252969
"X17.75383297",0.00275887074139656,0.00834521189230068
"X17.80200004",-0.0131633750889242,0.00298001690351532
"X17.80200005",-0.0864406152800217,0.0178344073486719
"X17.80200042",-0.112808204127135,0.0189357008081361
"X17.80200043",-0.0100643837805298,0.00191139380777221
"X17.80200079",0.0324220129287502,0.000425847139536419
"X17.8020008",-0.0302689788832004,0.00552958443334987
"X17.80200081",-0.111249719590905,0.022304085057457
"X17.80200082",0.0100254278370216,-0.000255490489383001
"X17.80200083",-0.010945801686379,0.00372695211620696
"X17.80216671",-0.00707934127118724,0.00620442211724025
"X17.80408376",-0.0131326220837759,0.00240115495611941
"X17.80783416",-0.0181786400055398,0.00198729078604011
"X17.8079171",-0.00676037884447857,0.00267060113359804
"X17.81366748",0.00422628719611992,0.0026855140775103
"X18.1706668",-0.00956924484056666,0.00835475240585765
"X18.70308326",-0.0138775427353993,0.00519273013587234
"X18.7033329",-0.0218319256222402,0.00532603988688841
"X18.70575035",-0.0155310658092925,0.00294882155399133
"X18.7101666",0.00200005121769275,0.0055754080817864
"X18.71066661",-0.0344567583984367,0.0122888612226968
"X18.71416621",-0.0173986087794596,0.0134789688639756
"X18.71433327",-0.0329562712240536,0.00919801281938454
"X18.715167",-0.0164590090084636,0.00433981855874844
"X18.7160829",-0.00846959577838709,0.0111186503191586
"X18.97691593",-0.0134628648154613,0.000815982787695498
"X18.97749926",-0.0390650136293534,-0.000428440374114155
"X18.98350003",-0.0180826291128896,0.000296510175496308
"X18.99116749",-0.00981501114884857,5.71631990349543e-05
"X19.05566637",-0.0116117376074886,-0.00131961460626398
"X19.06975065",-0.0342270159293632,0.00897602462386377
"X19.13783264",-0.0199829844859393,0.00551451163177932
"X19.13883322",-0.0272026913218683,0.00519188213230454
"X19.15024972",-0.0156929096438935,0.00359981423890791
"X19.15116599",-0.00997401431574428,0.0023450688841627
"X19.15349931",-0.024642730153313,0.00494957263370098
"X19.15366597",-0.0233102402231657,0.00476784986738381
"X19.15374969",-0.0913713602784719,0.0172813721510431
"X19.15383264",-0.00974220354537119,0.00308404427667625
"X19.15383266",-0.0339137367700059,0.0145919413866077
"X19.15383268",-0.00997103148281227,0.00256289094137432
"X19.15383305",-0.0263098335330125,0.00633060626559578
"X19.15383341",0.00597267091337513,0.00987360456286776
"X19.15391599",-0.00960749371553825,0.00217612703383399
"X19.15391636",-0.0255173605983327,0.00493705541500627
"X19.15399931",-0.0194908102334375,0.00382804909546343
"X19.15399932",-0.0191951846718405,0.00451396542604972
"X19.15399933",-0.0151389178444073,0.0135540087286278
"X19.15399935",-0.0144218249956575,0.00405426522147621
"X19.15399971",-0.0127458333470146,0.00871453235902905
"X19.15399972",-0.00723955316732589,0.00585850778688083
"X19.1540001",-0.012215295344762,0.00493241752941092
"X19.170166",-0.0111257974093326,0.00200030394842593
"X19.17049933",-0.0103379969021764,0.00079507267283371
"X19.43050056",-0.0160770224908732,0.012698978144481
"X19.44633391",-0.0150367910787141,0.0111578180673489
"X19.80974954",-0.0302037827615016,0.0562114888863335
"X19.81066657",-0.0115910847857279,0.0204245471156906
"X19.81358325",-0.0231307052317219,0.0324961833801607
"X19.8136658",-0.00850996566992508,0.0083846206473243
"X19.81366619",-0.0192330563404647,0.0244058334274998
"X19.81374953",-0.0223136128073383,0.0248429424755192
"X19.81383326",-0.0284283006162036,0.0393726381958194
"X19.82250067",-0.0152099218806546,0.0154425309466611
"X19.82749916",-0.0691628367292191,0.0816755405870289
"X19.82899953",-0.00805585465242827,0.0126103449051711
"X19.8289999",-0.00966434362679695,0.0257450074738567
"X19.83024935",0.00107068141547467,0.0123810873228476
"X19.83699992",-0.0151357058526315,0.0219366942325233
"X19.84591678",-0.0110778957524565,0.0215085889530295
"X19.84633291",-0.00570054835056381,0.00282107957635423
"X19.85425069",-0.0443395205145099,0.0572668140386952
"X19.86108326",-0.00735296119405586,0.0147325316937875
"X19.86116734",-0.035147254469844,0.00414607864433047
"X19.86133326",-0.0325611093426817,0.0206169948864956
"X19.86158364",-0.0302960517068637,0.0361633554286202
"X19.86166696",-0.00848860909883059,0.0167233788699911
"X19.86166734",-0.0144867479623304,0.013909922899001
"X19.86166735",-0.0124857161265419,0.0175313409952822
"X19.86166736",-0.00508421352498948,0.00728020691851307
"X19.86175031",-0.0121566515078452,0.0104143333415391
"X19.86183401",-0.0164344720420403,0.0154624402219851
"X19.86191696",-0.0188875144553334,0.0201059225359532
"X19.86200031",-0.0125031672673565,0.0205448764582966
"X19.86200067",-0.0284885899204097,0.0102066466880497
"X19.86200068",-0.0109911011282291,0.0123473683705899
"X19.86200069",-0.0113558080124867,0.0909986892378195
"X19.86208346",-0.0393545711143588,0.0580449184865803
"X19.86216622",-0.00954873547578089,0.0104430882668835
"X19.86216659",-0.0151817251381849,0.0202746456384113
"X19.86216679",-0.0207940967218939,0.0272551799107892
"X19.8621668",-0.023304878329065,0.0271806665584632
"X19.86216698",-0.0236025861762508,0.0346095362815679
"X19.86216736",-0.00803392856538246,0.0163421655525759
"X19.86216737",-0.0309666436348232,0.0318796943431592
"X19.86216738",-0.0240319218570945,0.0271219319579196
"X19.86225031",-0.0118009607969979,0.0125121690490559
"X19.86225032",-0.00663223620991871,0.00895597744646057
"X19.86233326",-0.0111203991608598,0.0276769464423694
"X19.86233346",-0.00976552500386842,0.0118941214101505
"X19.86233365",-0.0131886933280607,0.0144146316787603
"X19.86241641",-0.014868172488879,0.0112182805959486
"X19.86249975",-0.00791618190528586,0.0156511889948784
"X19.86991681",-0.0179648538896261,0.0382384393745995
"X19.86999993",-0.0128887475673141,0.0094151888703701
"X19.876834",-0.00267905673531307,0.00765464458797505
"X19.87691717",-0.0203610230704994,0.0112180413456811
"X19.87733405",-0.0142221113067991,0.0133741984432755
"X19.87741699",-0.000563170625652112,0.0643143921344609
"X19.87749994",-0.0396644284134786,0.0732162484109446
"X19.87758403",-0.0126376826691086,0.0116688602224854
"X19.87766734",-0.016912432989197,0.0260227958278736
"X19.877834",-0.00348983949525263,0.0129436879407953
"X19.87783403",0.0874425717637189,0.053659602481396
"X19.87783405",0.0111452476669848,0.00972849735696053
"X19.87799994",0.00182863647818806,0.0195405255477273
"X19.87800067",-0.0112744345660092,0.0142192324493831
"X19.87800069",-0.00955004281286024,0.021456412062884
"X19.8780007",-0.139383923902245,0.0975443259227473
"X19.87800071",0.023045379833726,0.016566115383401
"X19.87808346",-0.0316015057498473,0.0283134615074287
"X19.8781662",-0.0475796045698141,0.0464452534038843
"X19.87816679",0.016104022803624,0.0137011154670292
"X19.87816738",0.0401030390630137,0.0241932254800804
"X19.87833291",-0.0124624238100437,0.0141936115887669
"X19.87850067",-0.0127132181428576,0.00698230524079876
"X19.87933366",-0.00811421452909319,0.00549634135170454
"X19.88616678",-0.0138838512265948,0.00898662337073761
"X19.88650011",-0.0061219020890034,0.0118587882958589
"X19.89416736",0.020892345261205,0.0156873248906194
"X19.89433291",0.0402102690562726,0.0372998788567109
"X20.03916666",-0.0109521503126928,0.00397830707976405
"X20.05525038",0.0050120002945104,0.0075002484768426
"X20.07783293",-0.0164017298552923,-0.000559801137043717
"X20.50574939",-0.0161228433240072,-0.00132336872234756
"X20.50583272",-0.0120927026455413,-0.000913088771440394
"X20.50591661",-0.0189320562478682,-0.00281408868421033
"X20.50599938",-0.0272453269357129,-0.00317205492855814
"X20.50599995",-0.0155390082851928,-0.000806500143624535
"X20.5060829",-0.0151036848784062,-0.00241223406042224
"X20.50608347",-0.0141864471095787,-0.000200831087496201
"X20.50608348",-0.0295622609749671,-0.00376998592641211
"X20.50616642",-0.0665702311373146,-0.00769308794731786
"X20.50616679",-0.0169052581412031,-0.000611952738845802
"X20.50624958",-0.043995256600562,-0.00419744607431688
"X20.50624996",0.00578272443136528,-0.0153252466150651
"X20.51033308",-0.0117873855967061,0.00265688590070131
"X20.52166603",-0.0213866373905534,0.0024830927356699
"X20.52174975",-0.0369480742564577,0.000748829499084482
"X20.52183367",-0.0228153343908263,0.0019396568131033
"X20.52733383",-0.0672299074152106,0.00227691191303634
"X20.53566758",-0.0260320728490784,0.00672174379799191
"X20.53750052",-0.0167275400806119,0.000293922578658681
"X20.55416679",-0.0105854582000877,0.00654187005974293
"X20.5543335",-0.0122038814435523,0.0105696351856571
"X20.56724938",-0.031063714342414,0.0225049973061567
"X20.56774976",-0.010998102190707,0.0121747893715115
"X20.56783348",-0.0140999724490402,0.00670675112677062
"X20.56808271",-0.0321029270402137,0.0222883421694434
"X20.65158352",-0.0198601134531254,0.00326046666230098
"X20.66683388",-0.0129861183184133,0.00221787767439974
"X20.66766609",-0.0196289589365819,0.00209560963561932
"X20.66766647",-0.0167526020984378,0.00244749680018424
"X20.66766648",-0.0190939944425921,0.00990518889588495
"X21.0950007",-0.0143906720225386,0.0140224828394444
"X21.10150033",-0.0144003219663969,0.0132749956293518
"X21.23416665",-0.0135101512838836,0.0115467939434839
"X21.2389996",-0.0220503389008385,0.00869841929322211
"X21.41783337",-0.0159945274710985,0.00192077511788632
"X21.41808376",-0.0180824563518208,0.0024219572137823
"X21.4225004",-0.0152977422866537,0.00276552935144272
"X21.42383339",-0.0314602950617008,0.00232095539580025
"X21.42400081",-0.0198104516075688,0.00051226008444004
"X21.47466596",-0.0149701573152399,0.00572032157432306
"X21.4749175",-0.0247435072746167,0.00825314187281077
"X21.84208426",-0.0207120657413906,0.0104707713505803
"X21.84325036",-0.0334966055001703,0.0180931371283769
"X21.89816723",-0.00841181380450059,0.00825245442121621
"X21.90500059",-0.0174836480372877,0.00986613615210209
"X21.90616724",-0.00479735916957957,0.00645688048761609
"X21.93850001",-0.000640063259039257,0.00967926420929953
"X21.9385002",-0.0170092327433991,0.026144805182937
"X21.93858315",-0.0137576345799139,0.0141615209810145
"X21.93866611",-0.0329191438828175,0.0326664694820811
"X21.93866612",-0.0096553140972399,0.00560273461812514
"X21.93925001",-0.00835673808262882,0.00728179431815658
"X21.9398339",-0.00892623689672847,0.00644122639122003
"X21.94533315",-0.0149611771034414,0.0191801142916378
"X21.94624981",-0.0214588722351925,0.0131937279420554
"X21.95233276",-0.013197612629082,0.0143615000810787
"X21.95258315",-0.0139373343201398,0.0148567424677583
"X21.9535002",-0.0167501127754663,0.0189886781430692
"X21.9536661",-0.0507190755033532,0.0674872981648356
"X21.95366668",-0.0232668848055461,0.0320498871489466
"X21.95366688",-0.00855867752940783,0.016213773604618
"X21.95374982",-0.0390953468128142,0.0435129009648224
"X21.95383241",-0.0111282060308271,0.0103552506487793
"X21.95383243",0.0336788712243728,0.0289103955374242
"X21.95383355",-0.0781489701315514,0.0812081442997876
"X21.95399966",-0.0430322483273164,0.0586407093507672
"X21.95408259",0.00114990691253752,0.00748256462571875
"X21.95416577",0.0157881631526096,0.017163826881114
"X21.95424927",-0.0330671326603876,0.0463043052384293
"X21.95433276",-0.0107366563144926,0.0127859679445555
"X21.95433277",-0.0195070443801506,0.0232031649076083
"X21.95433278",-0.108620390877604,0.142750310764877
"X21.95433355",0.0120138608909993,0.0114984009561748
"X21.95441592",-0.0125555206187009,0.0785387576494644
"X21.95449906",-0.0285291475918431,0.033517338887322
"X21.95449924",-0.0148342107689705,0.0171826550192305
"X21.95449925",-0.00857734827995016,0.0120998477855362
"X21.95449944",-0.0145084667877064,0.0169486850888899
"X21.95449945",-0.0207276876986679,0.0283166224162215
"X21.95449982",-0.0238943340124229,0.0292207944489248
"X21.95466611",-0.007541085050054,0.0101235718737967
"X21.95466649",-0.0161698771992846,0.0167956508865357
"X21.95466689",-0.00545806276844641,0.0150455966543513
"X21.95483355",-0.0129574603748399,0.0201809565449391
"X21.95499944",-0.0385758435010428,0.0497273322194651
"X21.95499945",-0.00471722560727859,0.0111558221872313
"X21.95500022",-0.00768141634264222,0.0101217946601569
"X21.96258316",-0.0101748581109635,0.0169359628393003
"X21.97066593",-0.012122479530279,0.0112871582500014
"X22.03483261",-0.0398295232981099,0.0497058396932167
"X22.03491614",-0.0900130560460681,0.111306495800732
"X22.03491615",-0.0069236507401725,0.00900382908084638
"X22.0349991",-0.0105384122281039,0.0188411217768649
"X22.03499947",-0.0206845614746417,0.0178002167297542
"X22.03499985",-0.0138719032613053,0.0392694978304045
"X22.03499986",-0.014172839123666,0.0133294609122848
"X22.03500023",-0.00730303435094376,0.0165415638902855
"X22.03500062",-0.0780046757904744,0.0895384424980248
"X22.03500063",-0.00596744523294322,0.0127067456916448
"X22.03500066",-0.0261386548918763,0.027864806096731
"X22.03508321",-0.0127517204362714,0.0153084226666115
"X22.03525005",-0.0110513038829455,0.0109910217001502
"X22.68924948",0.0140677650051326,0.00305610125661591
"X22.69050081",0.00432495417890001,0.00290695768626411
"X22.82933382",-0.00426858391532445,0.00935222752591727
"X22.83475049",-0.00889384237531219,0.022675402970006
"X22.8377503",-0.0283128040806562,0.00540532720453782
"X22.83858363",-0.00726520917446252,0.0109683196248068
"X22.83949972",-0.024062313069052,0.00440240794172479
"X22.83983307",-0.0460184416783653,0.00257983418850506
"X22.90416643",-0.0244446132820884,0.0255517293523214
"X22.90483309",-0.0165515280757806,0.0172591002070134
"X22.90500051",-0.0199813422793624,0.0185223926789441
"X22.90608328",-0.041921203282844,0.0490501372037161
"X22.91058382",-0.0301576479342931,0.0496183110056647
"X22.91491661",-0.00519460730035585,0.0148287038504897
"X22.91850014",-0.0112657581037699,0.0153308495996341
"X22.92024994",-0.0309482725588756,0.0317999617880546
"X22.92033385",-0.0217944373645536,0.011915083073196
"X22.93800016",-0.040371359459617,0.00742024328132318
"X22.98366759",-0.0168867632341401,0.00740481420912656
"X23.03316761",-0.0183858251865292,0.0013804387957818
"X23.04908313",-0.0666163973649713,0.0175871609972691
"X23.04908371",-0.00765284333356734,0.00403435939363811
"X23.04916647",-0.00817266246134799,0.0028670726828828
"X23.04933391",-0.0266967922974333,0.00121363191836835
"X23.0495837",-0.00686203218409599,-0.000243315014079208
"X23.05033428",-0.0574692093596273,0.0230000208750439
"X23.05125076",-0.0137530180629279,0.00292512424411691
"X23.05216724",-0.0210803015386184,-0.000554044459146699
"X23.05225037",-0.0289972212656863,0.00325679539207742
"X23.06141742",-0.0215636328674144,0.00527666804098955
"X23.06449979",-0.00770179463487329,0.00377091771324492
"X23.06483293",-0.0148290197634322,0.00862510445142944
"X23.0648335",-0.00453224445333568,0.00460422290367404
"X23.06491684",-0.0111705150667434,0.00317357158470741
"X23.06500017",-0.025185504764707,0.0177131569704339
"X23.06500055",0.00298963559225933,0.0078578522481284
"X23.06508332",-0.0126109286682616,0.00331243565240551
"X23.0650835",-0.0139731915975109,0.00332700114314399
"X23.06516645",-0.0541341875476846,0.00615728973368106
"X23.06516647",-0.0159310531683452,0.00451789393791147
"X23.06516684",-0.0160821189464113,0.00506506678686055
"X23.06516685",-0.0117173045742661,0.00206207185452842
"X23.06516722",-0.0226071500258202,0.00790797574782722
"X23.06516723",-0.00681681196608477,0.00539353182109948
"X23.06516724",0.0271905311007525,0.0166434385426124
"X23.06516726",-0.0185087562580595,0.00815087687123056
"X23.06516743",-0.0069514644297965,0.00196382172966933
"X23.06533391",0.00887581897763345,0.00456063415921243
"X23.06550018",0.0138735823017385,0.00230494854818411
"X23.06583314",-0.0154022272294556,0.00471538600452221
"X23.0707498",-0.0211134276218246,0.00526269832676754
"X23.07533314",-0.00607193786765478,0.00234592945360455
"X23.08116645",-0.00752131372926626,0.00462958050414204
"X23.08116722",-0.0155020331084102,0.00261288433585183
"X23.0812498",-0.00834273423500406,0.00418138044029954
"X23.08133277",-0.00567631638582168,0.00318838619382906
"X23.0846661",-0.0126953141942984,0.00513342089129577
"X23.09008351",-0.01615958386474,0.0057715037737704
"X23.09716722",-0.00756835450621153,0.00245436166926727
"X23.09716724",-0.0156847494809898,0.0187753494054918
"X23.09733296",-0.0249802738619276,0.00993260039415552
"X23.09733334",-0.00799358289202011,0.00633914751921461
"X23.09733391",-0.00842566474346818,0.00292309735862044
"X23.09741686",-0.0169254774480988,0.0134100768826417
"X23.09750055",-0.013905935980181,0.00585209766316957
"X23.09783333",-0.0163613861470685,-0.0010988521861825
"X23.09850056",-0.00987075383492349,0.000360166593440029
"X23.10575056",-0.0200071368018464,0.00155551203527911
"X23.64808332",-0.0549067338534181,0.0227858802650828
"X23.64816665",-0.0446880766073563,0.0185248628348785
"X23.6482498",-0.0234257475472494,0.0100990839426808
"X23.6606663",-0.0225311047394014,0.00738612123642175
"X23.6606674",-0.0171098879112542,0.00804494217883659
"X23.80641669",-0.0182399410774647,0.0077267180431626
"X23.96641637",-0.00844350279752307,0.00761988249692675
"X23.96649931",0.0013238294201745,0.00216326458265348
"X23.9664997",-0.022820466668651,0.00393989443853452
"X23.96650008",-0.00522351415437447,0.000521799620134269
"X23.96650027",-0.0484206620963896,0.0141713539122605
"X23.96666637",-0.0285337692997124,0.00454689182099463
"X23.96733264",0.000626002467064533,0.0051401760597278
"X23.96808342",-0.0155423343685068,0.00914774731208557
"X23.97091655",-0.018239941928014,0.000961920528911401
"X23.986666",-0.0123896175636884,0.00183822949876492
"X24.0538342",-0.0073858952078236,0.0100557675330745
"X24.05608364",-0.00455556847324645,0.0160862676128598
"X24.05716755",-0.00304021691956148,0.010676971703898
"X24.05766698",-0.0110235582217422,0.011002779852738
"X24.21650016",-0.0239098953574405,0.00459433717977956
"X24.22750091",-0.0168029654393379,0.00321733745536777
"X24.23291721",-0.0172605082308288,0.003440720574808
"X24.49725064",-0.0369939127639435,-0.00260504344515814
"X24.49750006",-0.0184502404736349,0.00164409633530633
"X24.49758359",-0.00662474284766963,0.022055993981879
"X24.51166712",-0.0146442543914769,0.00113844618508761
"X24.74800032",0.0622613856985541,-0.0296594736695836
"X24.75333253",-0.00737915181716108,-0.00110354471419734
"X24.7549166",-0.00356804203848144,0.0129320778397481
"X24.75500032",-0.0061207707910899,0.00878078928355281
"X24.75516718",-0.00699935196822766,0.00420208872702723
"X24.75533384",-0.0364041032618643,0.0199444340115451
"X24.75550032",-0.0307778847619947,0.020550487421452
"X24.75600032",-0.0204367219727293,0.0175226529480381
"X24.75633327",-0.00849228597876151,0.00570707988497964
"X24.75650032",-0.016179472617265,0.0121674906477291
"X24.75683327",-0.0108857109215188,0.0102449554826168
"X24.75716622",0.176131337951928,-0.0322373433914328
"X24.7583329",-0.00301730534886844,0.0113396887800557
"X24.75866661",-0.0103204559652552,0.00747440449146489
"X24.75949957",-0.0311847062417608,0.0188832611977131
"X24.76016701",-0.0144116069020727,0.00824459192731579
"X24.7609168",-0.00607220483815033,0.00379797940059726
"X24.76124975",-0.0031914635098089,0.00542010890337945
"X24.76241643",-0.0125706681854241,0.0084821471915624
"X24.76275014",-0.00420125678782851,0.00403007880078385
"X24.76333365",-0.00279554665685379,0.00612285827563022
"X24.76383365",0.00759475689159195,0.018442161496479
"X24.76433347",0.00802819398117887,0.0245789752857295
"X24.76458347",-0.00666739332586149,0.00365394412955786
"X24.76533328",0.0449473628302456,0.0418456542293754
"X24.76566643",0.000437367577560079,0.0132539392859176
"X24.76599957",0.00521058791728467,0.0111992247079917
"X24.76649977",0.000785699708050521,0.0148859465923281
"X24.76683292",0.0295806166408204,0.0505106419326186
"X24.7669168",-0.00575165463651128,0.00686457742699218
"X24.76766626",0.0126412965620229,0.0204591529565722
"X24.76891643",0.00136812346744527,0.00535298905583572
"X24.76891663",0.0645288570080838,0.0325289508255588
"X24.76916699",-0.0068255743871189,0.00652169669526841
"X24.7694994",-0.00558617339895066,0.00602995432994862
"X24.77016701",0.00364860138265672,0.0181248685682782
"X24.77049918",0.00365305300126031,0.00809685231377915
"X24.77049996",0.0151786585410778,0.0140476760009466
"X24.77066643",0.0175435784449415,0.011590907687958
"X24.77066701",0.00711999312820574,0.0114161317561658
"X24.77099938",0.0148316611273714,0.0138331030937158
"X24.77099996",0.0250042730851329,0.00593917955313038
"X24.77116643",-0.0136642478202703,0.00536991596908862
"X24.77116701",0.00977613236240506,0.010652696656368
"X24.77124977",0.15738387482301,-0.0365611376322334
"X24.77133386",0.0186596970057352,0.00640165759727313
"X24.77141701",0.0047175093759482,0.0201582725151672
"X24.77150071",0.00558119922949259,0.00628967446444674
"X24.77158386",-0.000377235994256616,0.00433302554082975
"X24.77166701",0.0379758846963977,0.0312687320353329
"X24.77208386",-0.00435753954506254,0.00992331563487506
"X24.77216701",0.00923395427461638,0.00731909822826558
"X24.77408309",0.0761010956991241,0.0209708079743992
"X24.7750831",-0.00859565950854286,0.00312364576852117
"X24.77791682",-0.00627147739177071,0.00634724201346579
"X24.77816585",-0.00422921751171546,0.00900839063587318
"X24.77983309",0.00237587251129749,0.00367615457707513
"X24.77983367",0.0204743321836543,0.0228101169795311
"X24.78033367",-0.00360398902187185,0.00790959200719492
"X24.78099958",0.0092114752075981,0.00534961738246551
"X24.78391682",-0.00171033005612075,0.00755705593063074
"X24.78449959",-0.00285279059619128,0.00552697209225996
"X24.7848333",0.0434113662039768,0.0333613994955727
"X24.78549997",-0.00713698736503104,0.00285573885650567
"X24.79283253",0.00311427506190807,0.00255435119994214
"X24.79374997",-0.0139454242031168,0.00515753843079417
"X24.8033333",0.00643604136664635,0.00384928571352572
"X25.09033379",-0.0188774749715864,0.00187148252704864
"X25.09133416",-0.0240591944906224,0.00308897704890855
"X25.092333",-0.0140229532284117,0.00496832898227348
"X25.25266642",-0.0108490938842246,0.00443011891969985
"X25.2527503",-0.00537322865993665,0.00732934565490605
"X25.55983239",-0.0126520128613157,0.019556225558746
"X25.55983276",0.00812342768415308,0.010651786237594
"X25.55983277",-0.0183788834809696,0.0171564998485298
"X25.55983278",0.0148188550035831,0.0153996461329634
"X25.55983315",0.0227696917746937,0.0420603383135378
"X25.55983353",-0.00292151361615183,0.0241200805245333
"X25.55983354",-0.0208068780518867,0.0105612309764698
"X25.55983355",-0.0028551839493288,0.0129198697384264
"X25.5599165",-0.00926981126708591,0.0882384376184495
"X25.56049943",-0.0061127039119813,0.00486846021164569
"X25.56083335",-0.00595381547650448,0.00821077516418203
"X25.56133278",-0.0527851235747295,0.0551645423955177
"X25.56816593",-0.0121075009432671,0.00989916943066454
"X25.57599905",-0.0101326822792707,0.00740686438069043
"X25.6246669",-0.00474245061800424,0.00958451314265928
"X25.73666693",-0.0109773729305634,0.0136360553941394
"X25.73699951",-0.0108054667275922,0.0128412494968661
"X25.73700065",-0.0210627877355516,0.0331264929211929
"X25.7373328",-0.0251299744224393,0.0263652434484131
"X25.74641654",-0.0212701406523992,0.0305629111555023
"X25.75116638",-0.0166217298986348,0.0127594243607724
"X25.75133398",-0.0650472636114064,0.116206300869358
"X25.75141713",-0.0203370572734644,0.0307967130240458
"X25.75224988",-0.0146278626897606,0.0177144803776043
"X25.75274949",-0.0220530858908979,0.030283086906072
"X25.75299947",-0.00886383436181367,0.0100039595114598
"X25.75299949",0.00691687050248684,0.0324514971377155
"X25.7529995",-0.019054192996605,0.0320373737587649
"X25.75299951",-0.0244722512359149,0.0353208250380687
"X25.75299989",-0.0193056177588909,0.0258973675144119
"X25.7529999",-0.0109334235644158,0.0109315631362432
"X25.75300026",-0.0159873371014166,0.02705136934042
"X25.75300028",-0.0682279811521561,0.0902011910493319
"X25.75300046",-0.0126186771655002,0.0147668747404213
"X25.75300047",-0.00580560635373009,0.0101148107193705
"X25.75300065",-0.0120909726675986,0.0164612506037658
"X25.75316616",-0.0139338725194657,0.0141670862740374
"X25.75316695",-0.00748523228800327,0.0156228522696508
"X25.7532497",-0.0237018066940688,0.0301893307453518
"X25.75333264",0.00608555714811978,0.014821652700752
"X25.75333282",0.00500259223518188,0.0131815808121801
"X25.75441597",-0.0109482018495941,0.0171184537222171
"X25.76716579",-0.0161456087804925,0.0127768288321483
"X25.76949947",-0.0128009447394192,0.012076710317913
"X25.78549912",-0.000195863604654952,0.0234953295973015
"X25.81633245",-0.00443425107459347,0.0125453794047054
"X25.86566735",-0.0129505031748882,0.0148558566873805
"X25.86566736",-0.0191257325316748,0.0133843105026626
"X26.28416636",-0.0166658784403441,0.00195981011915852
"X26.39699932",-0.0240809737065885,0.00760033396363552
"X26.39700011",-0.0303024640116294,0.016409201081541
"X26.39700047",-0.021861281171608,0.0043598857711007
"X26.39766599",-0.0150764623833815,0.00963228881242953
"X26.39766601",-0.0303297452231847,0.010347547460327
"X26.39766677",-0.0705454348771831,0.0378967455711066
"X26.39850011",-0.0152979342800968,0.0131006987954239
"X26.39899932",-0.012650910341718,0.0086877938497671
"X26.39933342",-0.0113754671594304,0.00629161924098523
"X26.3998334",-0.0184836662673575,0.0103016343225987
"X26.40016756",-0.0199619919112372,0.00689039324398061
"X26.40050049",-0.010153831437721,0.00797447007002118
"X26.40533267",-0.0203164839800304,0.0113041509403449
"X26.41300048",-0.010593304637885,0.00344992291570693
"X26.42166712",-0.0128843581697267,0.00348397811096594
"X26.58108405",-0.0100176855244031,0.00220019071105695
"X26.62716684",-0.0292160361577466,0.0055686778373744
"X26.63816757",-0.00918824979713967,0.00223155162181819
"X26.63824978",-0.00456252494588669,0.000505038102777183
"X26.63833311",-0.0309802372957082,0.0169545344754938
"X26.63833312",-0.00788017417847203,0.0021229670082434
"X26.63833313",-0.0101448361178022,0.00280455758711724
"X26.63833331",-0.0204706459202686,0.0246765960818549
"X26.6383335",0.0122275822593788,0.0124384190752946
"X26.63833351",-0.00153890954664039,0.00970828962825286
"X26.63833389",-0.0209079173075433,0.00441136793007501
"X26.63841759",-0.00885742003623534,0.00367805586558336
"X26.6385009",-0.016730740124803,0.00499784708669139
"X26.65366647",-0.00688109448856421,0.00205745331724599
"X26.70241628",0.000825019411667049,-0.00596341909590814
"X26.7181661",-0.0134479426335634,-0.000506638701168432
"X26.71866649",-0.0214418717353929,-0.00596879551476808
"X26.84666732",-0.064722416376585,0.00760270615138627
"X26.85391576",-0.0368335948466564,0.00304617816574519
"X26.86350062",-0.0801575931428127,0.00151244855482444
"X26.86366728",-0.0197521393558174,0.000848845397934735
"X26.97700025",-0.0139626310075585,0.0103453536066059
"X26.97766693",-0.00782981497775319,0.00535152415872197
"X26.97999913",-0.0302371176663106,0.0209298776893752
"X27.18549919",-0.00273729114653424,0.0072129607768229
"X27.21766663",0.205376636430759,-0.129069475824818
"X27.25025055",0.0105286596302643,-0.032754286599144
"X27.25050073",-0.00252910897659025,0.00960085213394768
"X27.25066743",-0.00333874635779609,-0.00220212219713116
"X27.25216739",0.14956415362686,-0.16816802668732
"X27.25699996",-0.0409414429516175,-0.0247583561602163
"X27.26049998",0.00034855674841842,0.00491602255706384
"X27.27116665",0.00369770771503424,-0.0022777503274043
"X27.27683408",0.124861525688562,-0.0843774263979707
"X27.27933349",0.0104208728739469,-0.0144037195606959
"X27.28150077",-0.0066026674986115,0.00215379168962718
"X27.28199959",0.000153310103917904,-0.00502260454385989
"X27.28383352",0.160398897550677,-0.100360289446775
"X27.28433292",-0.00776380494091774,-0.00315427093977164
"X27.2843337",-0.0116784739327113,-0.000549507274686354
"X27.28466628",0.0142634553084428,-0.0180127511965398
"X27.2858335",-0.00356582787004397,0.0032138699312092
"X27.28608349",-0.00586509458685855,0.0017630886114889
"X27.28824979",0.00292728649117364,-0.00779707420950246
"X27.28883408",0.0117030712140693,-0.0137304309138698
"X27.28891683",0.00495709153017847,-0.0116908714036505
"X27.28933296",0.00970610048715618,-0.00897060362151881
"X27.29166704",0.00576451106752667,0.00298172625320715
"X27.29350075",0.0130728188531646,-0.0123035014655583
"X27.29375019",0.00704368051320199,-0.0081986553959865
"X27.29383371",0.0124534302775573,-0.0265232012613862
"X27.29400037",0.0131651217857178,-0.0188770984274248
"X27.2945",0.0403394572681993,-0.0458438879468362
"X27.29516646",-0.166130902976108,-0.0212765223201512
"X27.29541688",0.00181915213011351,-0.0102528293744896
"X27.2959998",0.00678877605531744,-0.00690317958374426
"X27.29633375",0.0106341961661678,0.00575677244445141
"X27.2964174",-0.0052672382602953,0.000451690515007945
"X27.29650075",0.0111538397745503,-0.00665521123945776
"X27.29666684",-0.00416571097070646,-0.00293713057317911
"X27.29683371",-0.00479974796665087,-0.00157856433972238
"X27.29691668",0.00639188509690336,0.0090303564651996
"X27.29749961",0.0165388695605965,-0.0175922001366848
"X27.29749999",-0.00538320559414398,0.000193018490556821
"X27.2975",0.00659655835677917,-0.00465424543744418
"X27.29750077",0.0259326552877943,-0.0215338552501661
"X27.29783352",0.00335406829928616,-0.00325798645383437
"X27.29783409",0.00931375543267828,-0.00726523630285147
"X27.29816628",0.00630045870317684,-0.0123495730070579
"X27.29816629",0.0161162107255072,-0.0153959724078931
"X27.2981663",-0.00130518445272361,-0.0046795187301527
"X27.29816665",0.00112961132175393,-0.007427696850719
"X27.29816685",0.00676106640822602,-0.00104394989403858
"X27.29816741",0.00565765134730319,-0.00805201599013963
"X27.29849941",0.00814323300874739,-0.0114509276586115
"X27.29849997",0.0100725727623522,-0.00426232903317979
"X27.29883252",0.00913601757283813,-0.00787449021114979
"X27.29891685",0.00309562467501104,-0.00361502102066153
"X27.29891741",0.0147377597071272,-0.00422940441235886
"X27.29924962",-0.00580763084463839,-5.77989901244085e-05
"X27.29924997",0.00884866589523843,-0.0217696319808646
"X27.29933351",-0.00409913153751006,-0.00308000319578319
"X27.29949962",-0.00790529592809976,-0.0032997621889717
"X27.29950019",0.00876648455962519,-0.00615883197544463
"X27.29966741",0.00411250682716903,0.00193454409438753
"X27.30025019",0.00196540000369829,-0.00227832013782319
"X27.30075017",-0.0117834698340195,-0.00559168631355077
"X27.30083296",-0.000551031259085148,0.00388302579850412
"X27.30108351",0.0033892134689389,-0.00196915300177179
"X27.30141663",0.0152911727576768,-0.0387383920684848
"X27.30183407",0.00937855109573202,-0.0115490052293773
"X27.30241684",0.00361733550007947,-0.00113477780653088
"X27.30400073",0.0243326381456311,-0.0406217384104432
"X27.306",0.00233052094428276,0.00139723797299257
"X27.30675074",0.00587978400026717,-0.0264376921732933
"X27.30700075",-0.00479735503249074,-0.00103191731163865
"X27.3085839",0.00955336231313747,-0.0130230957661663
"X27.30950075",0.00447319906082863,0.00218888005559739
"X27.30966743",0.00225111106070393,-0.00786950660108627
"X27.3098341",0.00235036717066235,0.000165050242686616
"X27.31000077",0.0170785565504312,-0.0262593738176347
"X27.31116741",-0.00410001719162781,-0.00185600875745221
"X27.31141725",0.0055739033999188,-0.00790402415766914
"X27.31216724",0.00324446898144769,-0.00278820126854115
"X27.31316706",0.012432908979845,-0.0202602633810084
"X27.31333334",-0.0173131836109427,-0.00761831980650457
"X27.31341668",0.0101218211438764,-0.0144591575402397
"X27.31349961",0.0256028933712948,-0.0226542497941487
"X27.3136663",0.0329909966927738,-0.0726230461362535
"X27.31366705",-0.00748112491772319,-0.00407034465389046
"X27.31383333",-3.26720871790424e-05,-0.00220252902130689
"X27.31391667",-0.00273427152572743,0.000695785921292491
"X27.31416668",0.00904389686747495,-0.00153652123967897
"X27.31416704",0.00718799350358024,0.000672968807310116
"X27.31425",-0.00633326903967987,-0.00313431985944838
"X27.31433296",0.00848317452848974,-0.00549660537106715
"X27.31441609",0.00357138143637123,-0.00134264940649188
"X27.31466667",-0.00361330791779353,-0.0024864711969547
"X27.31466706",0.00749034179341147,-0.00607944091611583
"X27.31474999",0.000946868586389782,-0.00289435644990926
"X27.31516588",0.0114160683851564,-0.035450451213354
"X27.3151663",-0.00559127781467915,-0.00532183187822954
"X27.31558335",0.0105682640687067,-0.0119491849753688
"X27.31583296",0.00956943423458259,-0.0198992713676158
"X27.31649963",0.00734616319627012,-0.0154606967466629
"X27.31733335",0.0169762741989151,-0.0174911225861323
"X27.31816667",0.00833118749032995,-0.0133831210434519
"X27.31833333",0.00172692677877614,-0.00466326346182776
"X27.31958334",0.00178806586636434,-0.00114646527068048
"X27.31983371",0.014042414596959,-0.017585493148891
"X27.32016646",0.0103881279601349,-0.00474116161644429
"X27.32041705",0.0174945486397378,-0.0158846902009588
"X27.32091704",0.00950611911978777,-0.0144565602972289
"X27.3210004",0.0465521093812108,-0.173696241002524
"X27.32150077",0.00311723338788658,-0.00272094554210278
"X27.32250038",0.0228731995377962,-0.0233229519001328
"X27.32283391",0.0058320441608887,-0.0094459995764852
"X27.32308372",0.00991221693330437,-0.00804490871084126
"X27.32333391",0.000508745386153142,-0.00639038040935052
"X27.32516704",0.00606944356898996,-0.0191460380855789
"X27.32549963",0.00334570278113336,-0.0198635197070844
"X27.3257502",0.0310738680116586,-0.0348397332388687
"X27.32599961",0.0464193838846238,-0.0326025550692195
"X27.32600077",0.00754406182637781,-0.0113794858887131
"X27.32699945",0.0157556511404862,-0.0217273294271621
"X27.32783295",-0.00588907518724219,0.000210571533132586
"X27.32816667",0.0209197269770116,-0.0136910474429479
"X27.32833276",-0.00639798169304349,-0.00482743604553794
"X27.32849928",0.00136577997224877,-0.00371115453119855
"X27.32916649",-0.00320511677634379,-0.0063432754170889
"X27.33016647",0.00314167303348298,-0.00663552905902016
"X27.33033373",0.0337627289836307,-0.0201538243999724
"X27.33049981",-0.00200055106449785,-0.00547543428417783
"X27.33049982",0.0324933980382471,-0.0633512956379432
"X27.3306659",0.00648461659791267,-0.00444367811528398
"X27.33091647",0.00927711999008556,-0.000508573334943423
"X27.33108371",0.00486295293282896,0.00929875849519679
"X27.33158314",-0.0619461058796625,-0.0354052763527708
"X27.33250038",0.0180204373507502,-0.0525456744937746
"X27.33258259",-0.0031097290949456,0.00374821376875884
"X27.3336659",0.0199333286479242,-0.048197467062623
"X27.33458314",0.0269633698795842,-0.0492186447709488
"X27.3366659",0.0119704019704445,-0.0156231565259901
"X27.33666648",0.0124229698730981,-0.0184534018549137
"X27.33691667",0.00832226194079956,-0.0153033884420354
"X27.33716628",0.00566340121386661,0.00292134723512795
"X27.33916706",0.00487915434207509,-0.000753561970631246
"X27.33924999",0.0231313135846248,-0.0230983477002921
"X27.34249963",-0.00254296590026523,-0.00260830371630668
"X27.34450003",0.0476165880587375,-0.167992262538439
"X27.34866706",-0.00287402721068977,0.00292430193486498
"X27.35791611",0.00501514227593593,-0.0129835883762164
"X27.46316596",0.0512368756541626,-0.0242072417329658
"X27.46716596",0.00724946607769825,-0.0191683765530857
"X27.48833413",0.00759008101468612,0.0110304566456321
"X27.50349969",0.00396006436519236,0.00518186530534912
"X27.54766597",-0.00482462470262156,0.00165856356428879
"X27.56108322",0.00435580914459454,0.0209296703068212
"X27.5690836",-0.0243874979758547,0.0301148649966362
"X27.57216694",-0.00859484784098244,0.00301155703650666
"X27.57250009",-0.0157310300918731,0.00513454143469544
"X27.57866694",-0.00640272444787172,0.00187906952117711
"X27.58383265",0.0121185809462763,-0.00431651307252872
"X27.58916597",0.000224448971368682,-0.00566406513343296
"X27.58933342",-0.000830565171885191,-0.00183376936514854
"X27.59316597",-0.0432797048945737,0.0419903184771619
"X27.59600046",-0.00175981641441384,-0.00633148245305812
"X27.60250009",0.0107286095702433,-0.0119969431097951
"X27.60316694",0.00953808708696037,-0.020860770579216
"X27.60400009",-0.000199402486331939,-0.00117246108515886
"X27.60499932",-0.00709076329299894,0.00853921267535148
"X27.60533417",0.00603751022441449,-0.00322104910922552
"X27.61325087",0.00666646638234421,-0.00516132502749117
"X27.6143334",0.0123705047059187,0.00589359264412415
"X27.61716713",-0.0441330710269652,0.104651102252751
"X27.62175087",-0.0132357853288677,0.00244362932979512
"X27.62658303",-0.0187749686023899,0.0219785390064283
"X27.6277501",0.0490334434774169,0.000278266637324206
"X27.63483303",0.0221823580927493,0.0491792134376891
"X27.63516597",-0.00804234951206886,0.00638777860424561
"X27.64750087",0.00172993455611102,0.00344528903972586
"X27.65166676",0.00510585735862332,0.0307395905982486
"X27.65199992",-0.00795098086456852,0.0133730028102387
"X27.65216678",-0.00957965719490761,0.00497159672397237
"X27.65233421",-0.000722481051499393,0.0107888374946692
"X27.65258421",0.00704689374313297,0.00709128322492907
"X27.65266695",-0.00777881736839652,0.0117490052941818
"X27.65399974",0.0143989498159293,0.0173908964247373
"X27.6678334",-0.00804982863917276,0.00744135005273988
"X27.66791695",-0.0156089485674907,0.013331674838609
"X27.66933419",-0.0119597835852253,0.024111505687632
"X27.67683381",7.87264830496374e-06,0.0110924933139674
"X27.68425012",-0.00815253895386038,0.0187561376814589
"X27.68433382",0.0195554554160599,0.0212191192767999
"X27.69216753",-0.00781823787403083,0.0100568090263956
"X27.69250069",0.0159394018196812,-0.0106400305498339
"X27.69916755",0.011274714789731,0.0143025903447208
"X27.70049972",-0.00448317319141915,0.0141890791285519
"X27.70050049",-0.00877977601020306,0.0118021346302376
"X27.70058382",-0.00999504019381309,0.0165740667881613
"X27.70150051",-0.00492357920521678,0.0696628024365259
"X27.70175012",0.0216608736638422,0.0274154012540136
"X27.70833347",-0.00543661155363555,0.00733798982327611
"X27.70916755",-0.00159115657309496,0.017029305221354
"X27.71366698",-0.0120366138022772,0.0404085814924551
"X27.71524994",-0.0237135111126461,0.0447896375187901
"X27.7156668",-0.0119122253819258,0.0207954847503297
"X27.71599975",0.0177145152398623,0.0637477042422089
"X27.7163327",0.00108161721396567,0.0398224372011486
"X27.71633326",-0.00221986420296843,0.0184978206897489
"X27.71633382",0.000311209800243206,0.0392235708301648
"X27.71641604",-0.00844192827291921,0.0349938908893271
"X27.71649954",-0.00351156839771482,0.0173600328764349
"X27.71649955",-0.00138410043840507,0.03232069581538
"X27.71658288",0.000746317289448882,0.0284315303424729
"X27.71666639",0.017299551325327,0.0269508252142562
"X27.71666718",0.0821847671401201,0.0609948277839201
"X27.71666737",0.0459398651881385,0.0777460438197643
"X27.71666757",-0.0024482510329401,0.0682481160428573
"X27.71683307",-0.0157690254606408,0.075105675887959
"X27.71749935",0.00447755365856356,0.0185585790765184
"X27.71766604",-0.0242250107890772,0.0444172678203384
"X27.71766622",0.0167574194996466,0.0241902287257172
"X27.71766641",0.00224556724294771,0.0143398797764364
"X27.72483271",-0.0207279788347683,0.0512907171266214
"X27.72508269",-0.0188803951775093,0.0455201023217082
"X27.73208383",0.00290569094674978,0.0295373834703598
"X27.73266602",-0.00343804868568356,0.014179072160655
"X27.73266641",-0.0099920861379821,0.0117799402366476
"X27.73283307",-0.0116705857118348,-0.00454566486552171
"X27.95816687",-0.0369509891083562,0.0420705869657506
"X27.95816688",0.0178527327004291,0.0189341310239919
"X27.95816689",0.0278293418738783,0.0564117299278688
"X27.95816707",-0.00389948242044446,0.0378415786299951
"X27.95816722",-0.010342144447135,0.0206660732103635
"X27.95816723",-0.00739236344402061,0.0123927750581906
"X27.95816725",0.060818583892509,0.0922266107878957
"X27.95816726",0.00746613498799177,0.0166950831123637
"X27.95824984",-0.0101603286879432,0.0137511061770013
"X27.9582502",-0.00566202161351706,0.0098488743818912
"X27.95833242",0.00329344298569676,0.0171806930416675
"X27.95833315",-0.0065813707378738,0.00970714600950458
"X27.96416723",-0.0557795621531277,0.0626169318012573
"X27.9710002",0.0104696408537479,0.0097776339331709
"X27.97199963",-0.00266607320072027,0.0127211921300386
"X28.2316658",0.000369427435531305,0.00518566102719149
"X28.23166656",-0.0332249079596972,0.0210402460346894
"X28.2426662",-0.0300123856125736,0.0184718683769503
"X28.24999911",-0.013002175921722,0.0111799419937328
"X28.53758371",-0.0101593776259527,0.00233403490486671
"X28.54349928",0.0103043371540034,-0.00575685172595725
"X28.54491647",-0.0122063116384245,-6.5395437520885e-05
"X28.54983259",-0.0124809825249749,-0.00059060696349415
"X28.55366593",-0.0103249321662975,0.00621500587196938
"X28.55366706",-0.0130768036676745,0.000423409322343455
"X28.55366707",-0.0374496420044359,0.000617359007478113
"X28.55408316",-0.0114946423280786,0.00371850759672613
"X28.55441706",-0.0133182076243116,0.000450755351544288
"X28.55516707",-0.0326915365140381,-0.000828997743608077
"X28.55733259",-0.00967376770679743,0.00134065078680401
"X28.56033371",-0.0208444977184341,-0.000116517767156152
"X28.56099924",-0.00712999232482575,0.000636069434249717
"X28.56116705",-0.0074926503782436,-0.000445141307056269
"X28.56191648",-0.00928348280407036,0.00501676430019299
"X28.56291648",-0.0108598292618624,-1.46807514171622e-05
"X28.56783371",-0.00111446488892198,0.000866076213254394
"X28.56949926",-0.0247905546638084,0.00377942570605811
"X28.56966591",-0.0118657579796362,0.00107008679682261
"X28.56966668",-0.00741114087866501,0.00579397829440036
"X28.57183371",0.0146413183172169,-0.000844999535394943
"X28.58566595",-0.00419202065416392,0.00547653132053303
"X28.59499926",0.00554004502847029,0.00630197726739531
"X28.59883258",-0.0143309313795469,0.00716328896185627
"X28.74791616",-0.0143580971877626,0.022769557479849
"X28.90725013",-0.00538666212293218,0.0166283633940563
"X28.90766717",-0.0180362536224736,0.0301940105227126
"X29.20383317",-0.0163222742436881,0.00788079772224515
"X29.20466613",0.00245733935742277,0.00897464187952637
"X29.20900023",-0.0233725488790205,0.0112150523210421
"X29.2111669",-0.0228403366352484,0.0152885653868704
"X29.21133338",-0.023757538125703,0.0152492427013934
"X29.21149986",0.00887408223555433,0.0233352586347592
"X29.21300021",-0.0386033427608611,0.0257418386429188
"X29.21349905",0.000779395271737124,0.0134226066394053
"X29.21349909",-0.0161483397040484,0.00523862189199794
"X29.30641635",-0.0461081730270829,0.0227812018183789
"X29.37399916",-0.0220438174247735,0.026557347749512
"X29.37450027",-0.0089947646493672,0.00810350615728846
"X29.37508304",0.00879473302195785,0.00212670956201003
"X29.37533265",-0.0156805971196242,0.00850750096078882
"X29.38050027",-0.0293116148188352,0.00911152944558061
"X29.38083247",-0.011682474133826,0.00444281859552437
"X29.38166692",-0.00962039410741147,0.00582392479529156
"X29.3830836",-0.0113939342151824,0.00718500413818304
"X29.38450027",-0.00684083312048632,0.00620063307612285
"X29.38600027",-0.0154094997565961,0.00717792105103376
"X29.38750026",-0.0297293334869412,0.00520491983866314
"X29.38983361",-0.0167898325608451,0.00405734155799657
"X29.39016657",-0.00825282302096222,0.00269094970757109
"X29.39033245",-0.0238202925429128,0.00687630472505927
"X29.39049914",-0.0106669672461694,0.00378645935918255
"X29.39683359",-0.0149165043258455,0.00533464726198167
"X29.39766694",-0.00500770072230254,0.00274980144381102
"X29.43883362",-0.0355901945643327,0.0161097221435808
"X29.44533322",-0.0143825311344215,0.00688480766338915
"X29.48791678",-0.0151986494705773,0.00148744964970644
"X29.7124996",-0.0136673915249417,0.0026192384172659
"X29.7608326",-0.0148733548735851,0.00596667803292627
"X29.76575041",-0.0195380699500325,0.00437108277485564
"X29.76949925",-0.0324375270106308,0.00360094754103158
"X29.77266649",-0.0194598777849458,0.00349907126893416
"X29.77425021",0.00205232570952894,0.00207748308643098
"X29.77549963",-0.0223600389332862,0.0030990948605762
"X29.77574926",-0.0129631721121838,0.0130156153293084
"X29.77683258",-0.029623122495103,0.00443940670524885
"X29.77699925",-0.0199997542735337,0.00200193419433105
"X29.77700041",-0.0319332835149902,0.0045580256405646
"X29.84116745",-0.0237416797354995,0.0172753907141175
"X30.40466572",-0.00902675309133938,0.00664131712502954
"X30.40483355",-0.0189362162948275,0.0168164060780603
"X30.41050023",-0.0611381344418739,0.0581967091714985
"X30.41183298",-0.0333814217605968,0.0183652402230722
"X30.41499965",-0.0243036611316778,0.0135796893954159
"X30.41808241",-0.0192665376375247,0.0163317012783291
"X30.41816572",-0.0451814253597076,0.0415253744689144
"X30.4185824",0.0149322509266858,0.00621087786726228
"X30.41866572",-0.0432050365745564,0.0317393745139834
"X30.41866573",0.0209752701936369,0.010593433567003
"X30.41866574",-0.00325534388097574,0.0406601713445781
"X30.41924905",-0.0210536110538339,0.0170226250788872
"X30.41949906",-0.00177483724778847,0.0181930288557289
"X30.42033239",0.040932324899529,0.00772086226150623
"X30.42041572",-0.0137439322793057,0.0125560458410403
"X30.42041573",0.00425341182715476,0.00851051447499572
"X30.42049905",-0.0630496416826036,0.0467975021913038
"X30.42049906",-0.020328790939541,0.0143013612605449
"X30.42049907",-0.0204830430260433,0.0188771622475578
"X30.42049984",0.00404377397943657,0.0120131975301482
"X30.42050004",-0.0385454283546413,0.0190957306409572
"X30.4205824",-0.00770642734166739,0.00775031327268678
"X30.59566695",-0.00094733563454945,0.00854626442253657
"X31.06366632",-0.00887993364896363,-0.000663607615140097
"X31.06433356",-0.0133758234637678,0.0178908393720883
"X31.14416599",-0.00797616468434237,0.00024753960168161
"X31.14500046",-0.0355575830863697,0.0011912610573181
"X31.1451671",-0.0067464161147066,0.00549652621028741
"X31.14591653",-0.0239945064783196,-0.0023494869072579
"X31.14800007",-0.00665357098776839,0.000218778785748285
"X31.15283263",-0.0229090919030093,0.00086470266334605
"X31.15966655",-0.00555137637148132,0.000971700685614284
"X31.33774992",0.00511366183691061,0.0106502865346429
"X31.33799938",-0.00534347508762758,0.0109880803016591
"X31.56333276",-0.0207842728111027,0.00968262757790679
"X31.83699989",-0.0233494963655881,0.00176801897533251
"X32.03016549",0.00354734730145571,0.0134692741370073
"X32.03016551",0.000809808112626069,0.00868399224975762
"X32.03016663",-0.0103760401263271,0.0161744384594787
"X32.03016665",-0.0253782792484921,0.00680309883146966
"X32.04233387",-0.0162761457104853,0.00671344874514367
"X32.17449982",-0.016294836398111,0.00680041109209682
"X32.29266632",-0.0129341513327472,0.00671779817408517
"X32.30266634",-0.0232694872413296,0.0241425486281243
"X32.3036652",-0.025586593222154,0.00722163290645573
"X32.30366633",-0.0154120358876112,0.00468132221026151
"X32.30383189",-0.0172483771903929,0.00853651388273746
"X32.31899851",-0.0142346535031694,0.00838545638920091
"X32.31949851",-0.0643738140435483,0.0532117046797719
"X32.31983189",-0.0272810919465852,0.012734321176684
"X32.31983301",-0.021437861988929,0.0166045911503358
"X32.33583186",-0.024971745242361,0.0124524937250592
"X32.33583454",-0.0144604497625669,0.0105890036923665
"X32.33591653",-0.0707993625881295,0.0651947337291138
"X32.33599854",0.00724498792405159,0.029652151652495
"X32.33600123",-0.0104411361279153,0.019729101022411
"X32.3360838",-0.0276288225151262,0.0186883245279297
"X32.57733157",-0.00115312324014182,0.0132985437039776
"X32.8348324",-0.00442038901627092,-0.00133195926130575
"X32.84049906",0.00067805311351186,0.00503531214632603
"X32.84766575",0.0164412888786909,0.0225142164234399
"X32.84816708",0.000517305445530591,0.0119046408608048
"X32.84866841",-0.00391898896356554,0.0104799444042958
"X32.84966784",0.000998045213303502,0.0426044039063947
"X32.85033242",-0.00191337465841977,0.00214007213136709
"X32.85033395",0.000358701376882991,0.00514385011581583
"X32.85066727",0.00268583259929629,0.00430188258596255
"X32.8507506",0.0085718936194286,0.00685818126866451
"X32.85083393",0.0203610718059445,0.0119714124737714
"X32.85091651",-0.000836329061548132,0.0101856225011452
"X32.85091784",-0.00285646437062057,0.0037361329502178
"X32.85099908",-0.0124134028448191,0.0155519169913803
"X32.85100041",-0.00207303718326346,0.00867574704688738
"X32.85100042",0.0279127593466142,0.00690532958423418
"X32.85100174",0.000118087690807703,0.0119323190070077
"X32.85100175",-0.0137606886445981,0.00628001455296171
"X32.85100176",0.00926025773870768,0.00256401692208838
"X32.85108375",0.0194633335603701,0.0295253191265139
"X32.85108376",0.0189963217051074,0.00450928958706689
"X32.85116575",-0.000450601196240476,0.0165488303466214
"X32.85133376",0.00345322952625991,0.0158621661893546
"X32.85150176",-0.00207554851110697,0.0068547895371224
"X32.85216708",-0.00553656359018492,0.00272091643995948
"X32.85216842",0.0168359596399161,0.00468420496809147
"X32.85225041",0.0212238645671788,0.0055490457338095
"X32.85333507",0.055004751779997,0.00418141844096608
"X32.85516708",0.0293607777258681,0.000816957781779877
"X32.85699908",0.0149731861619967,-0.000500185058760187
"X32.85725041",-0.00293504397385659,0.00854151616723012
"X32.86116575",0.00164530442493322,0.00872426793321788
"X32.86258375",0.0187477355197996,0.000624440510724648
"X32.86399908",0.0166846719640626,0.0133059576836082
"X32.86400174",0.0786706393351551,0.0125144718862052
"X32.86400175",0.0141843276130539,0.00168010822303934
"X32.86541708",0.00309240080950833,0.00173050194725246
"X32.86683242",0.0143627414569757,0.0075300641917094
"X32.86691651",-0.00711346513186409,0.00269011343749143
"X32.86691652",0.0561163276980236,0.0279836413133624
"X32.8670006",-0.00198883460947658,0.00388325908044298
"X32.86700062",-0.0100616479001522,0.0156173105268675
"X32.86700117",0.00407659136030275,0.0103851899542585
"X32.86700118",0.0240838860779279,0.00258174610776107
"X32.86700174",-0.0076882613418778,0.00892304443488164
"X32.86708395",-0.00534397634811256,0.00370102420026506
"X32.86708451",-0.00906642317281121,0.00470107747722871
"X32.86708452",-0.00214610824514976,0.0171733088899282
"X32.86716573",0.01951510788777,0.0345676568944361
"X32.86716786",-0.00308356738801296,0.00659524988031106
"X32.86725119",-0.00223582197933704,0.00905012532201937
"X32.86766727",0.000344368687213068,0.0126232776714372
"X32.88016727",0.00273273956253212,0.00737975980421338
"X32.88316727",-0.00111760398719697,0.00169682703319653
"X32.88316785",-0.00918467161205018,0.00556254795624505
"X32.95383416",-0.0131235344633013,-1.994571856171e-05
"X33.01183323",0.00184761103979052,0.019512304401742
"X33.01191769",-0.0224848968628868,0.00881275797483726
"X33.02800048",-0.0158695243815827,0.0183799613493755
"X33.124667",0.000116817484027689,0.0163511773762877
"X33.12733289",-0.0120371397320035,0.0076881346903377
"X33.140667",0.00604881665657082,0.0140275796779413
"X33.27650017",-0.022895434536011,0.0239631436144642
"X33.49483357",-0.016745729210841,0.00226186884349612
"X33.54166768",-0.0147666413297311,-0.00299925064362892
"X33.55800045",-0.0171273632908894,0.0218654029755092
"X33.55899986",0.00248892753403833,0.00564661719550724
"X33.55916484",-0.00846143304208593,0.00962376188008795
"X33.55916541",-0.0111381465228214,0.0147853387776178
"X33.55916595",-0.00520556256109045,0.0107409323931731
"X33.55916599",0.00664268353577542,0.0106922197343074
"X33.55916711",-0.0350893720522326,0.031663555169223
"X33.55933378",-0.0140425813308616,0.0123207432716877
"X33.57183378",-0.0181465670335423,0.00260881591249834
"X33.57533208",-0.0192827864048861,0.0125969500449189
"X33.57533266",-0.0196277513919281,0.016937958533767
"X33.5913315",-0.0124112750389294,0.015817866223515
"X33.59566713",-0.00490640545225161,0.00898984206886695
"X33.59766486",-0.0116253778245902,0.0104886815930609
"X33.60108208",-0.00586281073416098,0.00462080400634645
"X33.60733264",-0.00238478630223702,0.00652815332301747
"X33.60749817",-0.0219767268779038,0.0459927519254172
"X33.60749933",-0.00194595851743044,0.0142054314347794
"X33.60924875",-0.0316319762189764,0.0159271554454544
"X33.70233308",-0.0181921200465179,0.00665419914622003
"X33.71649975",-0.0359364392927414,-0.00378314870048508
"X33.72049974",-0.0165168593499563,0.00436555011604325
"X33.72283192",-0.0140884913587602,0.00991022892710181
"X33.72366582",-0.024200758741442,0.0222513076884411
"X33.72683384",-0.00382721486600303,0.00461466095513831
"X33.72999992",-0.0146063487187718,0.00361927775324937
"X33.7320005",-0.00546609465025618,-0.00123861963108022
"X33.73350126",0.00671917996113173,-0.02529690798284
"X33.848999",-0.0104143940173545,0.0050474175245331
"X33.86499902",-0.0300914966355518,-0.0150614309759036
"X33.86891779",-0.0184881011436824,-0.00241620987331221
"X33.87233501",-0.0108614138915058,-0.000335156682378734
"X33.87966837",-0.0237579281118818,-0.0115972741583227
"X33.88100056",-0.00769136131584927,-0.00556053729885128
"X33.88116835",0.00821646610054005,-0.0274894522291699
"X33.88216835",-0.00798081677617505,-0.0111206549285507
"X33.89716722",-0.0108420474503486,-0.00688066472209732
"X34.71749851",-0.0192859444532048,-0.000667189021491933
"X34.82341619",-0.0320541026782797,0.0150688071848893
"X34.89583497",-0.00897303684293722,0.0106811187338366
"X35.26491709",-0.0119858417789827,0.0176818460082268
"X35.26516574",-0.0154674139198761,0.0206601619607647
"X35.26533394",-0.0129680743232193,0.0202861082551739
"X35.26533506",-0.0122950114315402,0.0106200354886155
"X35.26533508",-0.0144126016600829,0.00883638603882715
"X35.71649848",-0.045682475076144,0.0106447481596473
"X35.73208237",-0.0165650354774681,0.00472400380312094
"X35.73216513",-0.0173252457146024,0.00489609072752456
"X35.73216514",-0.0163106111738504,0.0043721786794927
"X35.73216515",-0.0176052159961873,0.00567578132950536
"X35.73216571",-0.00285425132270994,0.00839977670103786
"X35.73216627",-0.0362847222600533,0.00343841930219756
"X35.73216629",-0.0197984726374739,0.00503557185678843
"X35.73483352",-0.0165462600627811,0.00715117799617556
"X36.11849972",0.00648145687043255,0.00221182797982965
"X36.11916583",0.0189261419007442,0.010876248614606
"X36.12158306",0.0103397767652284,0.00523682348046637
"X36.32766724",-0.0177476593676811,0.0050415569684041
"X36.43966651",-0.0320885294304413,0.00841388183151514
"X36.43999985",-0.0224785153265435,0.00465034824055801
"X36.44033318",-0.017122266453285,0.00119149944368096
"X36.44866709",-0.0551393251555108,0.0149300897664953
"X36.44949869",-0.0323511744869855,0.00916439674512743
"X36.45041709",-0.0247444377460144,0.00555274531834272
"X36.45116593",0.00462474315554757,0.0054919550033068
"X36.45283318",-0.00973902798726894,0.00206705537532545
"X36.45633202",-0.0152683009884645,0.00741957584809725
"X36.45633374",-0.0171162011475252,0.00643567471802206
"X36.45650099",-0.0160547156024664,0.00925759127269905
"X36.57608359",-0.0362007679758011,0.00848453481610937
"X36.68424992",-0.00221491285587298,-0.00569198217156751
"X36.68783288",-0.022704154425227,-0.00893287020290732
"X36.69775009",-0.0134456559458362,0.00606408507975489
"X36.69783401",-0.0120921581889029,-0.00174953242062539
"X36.70150069",-0.0163881012331774,0.00539166460590939
"X37.10033415",0.00121303037309307,-0.00430660403242349
"X37.10108357",-0.00706023520072034,0.0008989814731621
"X37.10149966",0.00413023470507498,-0.0049925155052371
"X37.10283187",0.00504639459732507,-0.00498610513128417
"X37.26149952",-0.0163604701879243,0.00548543414011652
"X37.4381649",-0.0396318789426577,-0.0111595757576634
"X37.43816492",-0.0653881197268676,-0.0349653910442541
"X37.43816567",-0.0163689400382783,-0.00649208095958803
"X37.43816643",-0.0116760940138197,-0.0065919624961999
"X37.43816757",-0.0266857303489435,-0.00664106223296856
"X37.43824958",-0.0166175727305199,-0.00580267998344681
"X37.43833426",-0.014248006588203,-0.00590788891583725
"X37.43850094",-0.0539035600241365,-0.0254433552986912
"X37.44641759",-0.0204126218870251,-0.00515865774284837
"X37.45316759",-0.0116258889024449,-0.00412064064181033
"X37.4538331",-0.0274831983855267,-0.00958258625840299
"X37.45416757",-0.034560821280437,-0.012850560839648
"X37.45425034",-0.0104524333373422,-0.00490977169291761
"X37.4543331",-0.0147368326706498,-0.00174087325680231
"X37.45433312",-0.0218389934712903,-0.0157140997742548
"X37.45433313",-0.0157775992813883,-0.00363506216575879
"X37.45433314",-0.00331444766201868,-0.00450806551445008
"X37.4543337",0.00177087425244119,-0.00688171744832924
"X37.45433426",-0.00554020718415354,-0.00103056445546932
"X37.68466843",-0.0124466294906485,0.0110834536574346
"X38.35533378",-0.0136424758215046,0.00502379603188411
"X38.50050031",-0.0206385159735602,0.0137771679891792
"X38.5096664",-0.0271654625782548,0.0123724125698412
"X38.56841738",0.00642287335481537,-0.0129323275236568
"X38.59916527",-0.0169522563965932,0.00820602242225993
"X38.77399943",-0.0178818386563452,-0.00194521140820126
"X38.77416497",-0.00836051617267231,0.00115075997984242
"X39.59483453",0.0247712059854867,0.0143037283363924
"X39.67525028",0.0956951075246579,-0.130011688928709
"X39.67549896",0.00380918047401518,-0.0193138195803343
"X39.67550164",0.00528169014325882,-0.0217309855925069
"X39.67600164",-0.00186895549944373,-0.0174491061845048
"X39.68283418",-0.00892658164546596,-0.0278882687551729
"X39.68324896",0.00429534787733409,-0.0182895958631548
"X39.6832503",-0.00162470812415515,-0.0191890532163185
"X39.68333496",-0.0197437680040917,-0.0961189520524771
"X39.68350106",-0.0078045463041869,-0.00839088173419789
"X39.68350164",-0.000360247097423266,-0.015228492288046
"X39.68358363",-0.00229190595578645,-0.0082325660452211
"X39.68375106",0.00128391968231959,-0.0139632370839305
"X39.68949896",-0.00292678666100123,-0.0183906215905518
"X39.68950164",-0.000977649133226973,-0.0209779860597323
"X39.69000008",0.000577348671815359,-0.0170538812780171
"X39.69033496",-0.00672737480740025,-0.014242695152757
"X39.69041752",0.00241818562040517,-0.0217139032442153
"X39.69049972",0.00282389774681001,-0.0163921402235127
"X39.69050106",-0.00346714428081767,-0.0133645685654437
"X39.69075028",-0.00125746153920325,-0.0194860426947269
"X39.69083495",-0.018351883226333,-0.231467065288451
"X39.69133438",0.156004985675223,-0.0408645288069781
"X39.69149971",-0.00413753316167981,-0.235485408507024
"X39.6915001",0.00174271902190077,-0.0260762820788691
"X39.69150048",-0.00432022080821769,-0.0420287403103612
"X39.69150105",0.0146184676826971,-0.0451479691203659
"X39.69150106",0.000891036917880034,-0.0244703097418655
"X39.69150162",0.0308459242004656,-0.125023566193652
"X39.69150163",0.0179960980184989,-0.109370150930233
"X39.69150164",0.0246026569014482,-0.137115826683035
"X39.69158362",0.0748921500211356,-0.110698777237822
"X39.69158363",0.00589173607356948,-0.123569181996366
"X39.69158495",0.00728726710850744,-0.0434075441438962
"X39.69166563",0.0124077134276491,-0.139364244862641
"X39.69166696",-0.00537338439716655,-0.0508421592046878
"X39.69166698",-0.00298457074734434,-0.0072130638738734
"X39.69166714",-0.0011763058789485,-0.0152145838854294
"X39.69166772",0.00783113244762057,-0.0824887779054499
"X39.69166828",0.0092367294627036,-0.066805062794085
"X39.69175105",0.00674304022123375,-0.0801965993191653
"X39.69183381",0.00457479654050339,-0.0707910838155018
"X39.69191771",-0.00124338911488346,-0.0119929875571992
"X39.69200048",0.00464624726711479,-0.0494127461697544
"X39.69208361",-0.00634403985195227,-0.0344066789938158
"X39.69216714",0.00169853363753919,-0.0337364303565742
"X39.69225028",-0.00225544261614154,-0.0496570684840601
"X39.69225105",0.0107132080451685,-0.0915116795784958
"X39.69225163",0.00414268597315173,-0.00969522058831542
"X39.69233341",-0.00127066620677243,-0.0169112144227901
"X39.69241771",0.000610937572402451,-0.0216447305798997
"X39.69258438",0.00222264301391221,-0.01547033062603
"X39.69266828",0.0170941303306665,-0.0999036620670192
"X39.69300162",0.00026847386298903,-0.0542404753510155
"X39.69858439",-0.0021941113117353,-0.0100167269586805
"X39.69866639",0.0308024155126677,-0.0958733405419535
"X39.69875048",0.00142423148590575,-0.0728434380855256
"X39.69891714",0.00358185472511753,-0.0650311365712572
"X39.69900028",0.022915797182675,-0.0754429891018277
"X39.69908362",-0.00270801677072771,-0.0130337848987912
"X39.69925029",0.00683090306226616,-0.0405068344486915
"X39.69933438",0.0160832607380678,-0.130951266716821
"X39.69950106",-0.00620255697074107,-0.0103825475328165
"X39.69958306",-0.0106339991201747,0.00113080029632686
"X39.69966714",0.00577398318895965,-0.00828509708136738
"X39.69975106",-0.0124663878705085,-0.00761832795711569
"X39.70558438",0.00477517882487677,-0.036662432694751
"X39.70566714",-0.0119047788593103,-0.0574279967685236
"X39.70600029",-0.00588765360116345,-0.134877202547178
"X39.70633344",0.000923330432373844,-0.147497495948258
"X39.70658381",-0.00562764196527161,-0.0167556830085611
"X39.70658382",-0.00666923786196855,-0.0386676634938381
"X39.7068342",0.00269079650144018,-0.0299671572756699
"X39.70683497",0.0100807066604892,-0.0324754678284128
"X39.70691619",0.00574855991499105,-0.0623775589579148
"X39.70691697",0.000668516585824398,-0.038839418848009
"X39.70691753",0.000511513201791747,-0.0157687825056143
"X39.7070003",0.00249314138953776,-0.0314951846434997
"X39.70716772",-0.00944607340173657,-0.0125669704357936
"X39.70733497",-0.00380436829048683,-0.0156270254122857
"X39.70741773",0.00766871467929202,-0.0490569401835206
"X39.70749894",0.0223527066757014,-0.0628335467265091
"X39.70749972",0.00400201241357465,-0.00792722851933818
"X39.70750048",-0.0014486434574476,-0.0242940028118373
"X39.70750049",-0.0164942353081014,-0.0453356029431438
"X39.7075005",-0.00567740204756501,-0.00988472197346861
"X39.70750107",-0.00972770603809717,-0.0480297260544691
"X39.70758383",0.0087118116787174,-0.0216315161246797
"X39.70758439",-0.00945628393500104,-0.029858232907138
"X39.70766717",-0.0524878012606185,-0.12303318157268
"X39.7076683",0.00629952043959575,-0.0185992089922231
"X39.70783495",0.056528107422081,-0.228693129531649
"X39.70816772",0.00151614095806507,-0.0090923469823467
"X39.70825107",0.0062556968205075,-0.0108960110820241
"X39.70883497",0.0141132429543643,-0.0341447760478316
"X39.71625164",0.00326673991942654,-0.0297255782816384
"X39.72366719",-0.00374110188823461,-0.0102755050243012
"X39.73983499",-0.00306461202133372,-0.0086842678302265
"X39.94999864",-0.0141562295095299,-0.0248429684332784
"X39.96433469",-0.00445386877789335,-0.0117577139602622
"X41.57249841",-0.0225806495664393,0.00149808362252726
"X42.60458244",-0.0197925356724905,-0.0113962636331186
"X42.6048317",-0.0246567788341851,-0.0131160685358397
