"V1","V2","V3","V4","V5","V6"
0.0908868790684084,0.904591072841298,0.721488625279098,0.139680406301585,0.00273938791763162,0.368242336610813
0.371083673983855,0.86852460590582,0.800846445543765,0.225658102551467,0.286744375348968,0.631501106947724
0.315288557885719,0.912290761506869,0.804082064505894,0.409363421061427,0.249320207825645,0.67511978553633
0.606819461716124,0.884188142010462,0.622536147127266,0.663632605875265,0.301654678010403,0.750555833298445
0.503399230719307,0.342029377957213,0.0301741329516267,0.582942422750307,0.0739504012770641,0.131857599015139
0.480966319464494,0.940544593789186,0.80427114050791,0.444777717517647,0.315837737983085,0.660012855879745
0.57681766592013,0.599065112007818,0.777317240881163,0.437462262126188,0.293201572974325,0.471006282257431
0.607234135153948,0.731458641974068,0.508441136864708,0.678969818741206,0.314201173074438,0.686137310579716
0.563045996631793,0.187966962866075,0.192077668609215,0.496266794954606,0.28641933180478,0.605104070942616
0.568400684209797,0.894377402506687,0.549166076541171,0.526071735454808,0.329873452786128,0.369372505080683
0.600190207468181,0.889440503941673,0.256432734314022,0.686970900361062,0.217910878320102,0.676630134692314
0.288464347010651,0.549527552591256,0.605352435029357,0.692028908189144,0.0394815037470049,0.213835914920493
0.586926982741236,0.918118990209031,0.777687507715842,0.692258187459525,0.299522243508485,0.622475937974997
0.371592285318775,0.709299809250218,0.247732276850172,0.169745051313173,0.0361285348485423,0.587332680692062
0.175763866387389,0.282217424508964,0.525974259196266,0.665873547825263,0.256705793264428,0.691033489245896
0.575428541998321,0.662900521670822,0.782584291380123,0.590796414286949,0.297344571758114,0.558706032254385
0.0448209202626422,0.830350031221139,0.379732108335537,0.0265054337933123,0.242249377440708,0.347866833086711
0.169867362535757,0.967295809250009,0.640811049825562,0.321064425306686,0.290679847955174,0.517344065888151
0.503594530896244,0.965984281861683,0.594175562820815,0.597074290602629,0.33011066403047,0.52063953249934
0.485539988641789,0.537425172135039,0.353170436866244,0.651357218845883,0.264893278026363,0.681798499168262
0.421982107355976,0.866717517983291,0.244361404713393,0.688935554926591,0.208862881336917,0.455041333727564
0.218125979224215,0.103865171139068,0.198907272357016,0.241063531678714,0.23192043341122,0.635420912937925
0.304094655678731,0.711584448485357,0.730020959942747,0.659933221657868,0.322357977983641,0.745702815009618
0.193687190179941,0.314519347134788,0.784648018022336,0.6212110949618,0.121449541006739,0.234402331678225
0.206213970720051,0.987039340710067,0.551990890002494,0.27446699958775,0.29481654816613,0.469171464419375
0.419218120988495,0.981039089228365,0.70061415574628,0.626782867045263,0.0724819776023458,0.668872272908074
0.0977547890006082,0.650245265321953,0.426269666416247,0.243153689911306,0.200584889661558,0.729627937552667
0.539891514236443,0.848831450247405,0.786423675970967,0.407361046039429,0.312634805437392,0.643438839063565
0.564688418426736,0.842159468594754,0.775226539142873,0.691224198742347,0.32466536127116,0.698267136767901
0.240916572298276,0.174979227315641,0.620428739039504,0.404846089306194,0.325353069668295,0.536958608258576
0.598360401695248,0.700511715420438,0.755922606911438,0.387982723321726,0.302264155578625,0.43683378673109
0.46475526006966,0.83152816400026,0.371337067880025,0.669430222077521,0.292322753844886,0.598288347706259
0.591172466496528,0.989615428981199,0.634039689117358,0.684868367194681,0.238308398695037,0.557474198499004
0.604854619766132,0.678301800845141,0.149957270512642,0.559648286217707,0.0938385109436793,0.0393605441242848
0.517249035482557,0.523266836503906,0.803786750614719,0.180576558632865,0.246397342585908,0.314572122453763
0.264576492939665,0.319736269386603,0.621819154807341,0.691321986033044,0.169168766362669,0.271695390676561
0.60653487314752,0.818845000366759,0.745841504490581,0.604864748761399,0.264074979494258,0.462896207218719
0.4169701303362,0.226019912734927,0.785588835789041,0.137621540614783,0.236760416458105,0.304923397009706
0.0222065065814855,0.825350320272047,0.847375338696649,0.049213225169954,0.0270750545439876,0.393149567392959
0.0368470653109625,0.850947673552753,0.911934923765284,0.158785619560839,0.0194567344972085,0.654323967786553
0.117094733810534,0.805696363117419,0.725232186076622,0.247141646363502,0.0259297065360078,0.633150265010341
0.0927831571626975,0.329639375754858,0.0270864008340889,0.258938708276168,0.0025243639200393,0.0541664660304406
0.0905012405341347,0.869665414590348,0.898011609907434,0.145687703612393,0.0279225264545888,0.562003275803079
0.124611983787757,0.55213965821282,0.887206659676024,0.195817410007653,0.0265881970522862,0.485929205123729
0.122188483743988,0.726295403794251,0.549681808045823,0.257930283156984,0.031152674906112,0.655397383114514
0.125824839276415,0.175109801121556,0.241627379525405,0.174147335839537,0.0275281071206767,0.532843667919734
0.126442979897422,0.857207192170608,0.710647644499934,0.235072890011088,0.0223463164169235,0.416475372926408
0.126860948426189,0.850173540003035,0.352686672190202,0.24481134131017,0.0309647864381191,0.579742400501835
0.0444594910600159,0.393725387838904,0.735685026210786,0.219286694047865,0.0173893522904507,0.181901733501961
0.109903986684045,0.837482487903648,0.890650268036058,0.258226174704325,0.0285291795093887,0.598902051769628
0.0492277861765247,0.699919782206808,0.337867430365833,0.041962105821657,0.00698171147373228,0.611057790306076
0.0507569846934677,0.272613113000579,0.659263892715315,0.252192142224322,0.0194795922948012,0.570749339994098
0.126801224182456,0.565534502780388,0.875779531911885,0.230267926058606,0.0312365863133806,0.395153582556727
0.0111659919627449,0.734949564585782,0.604637394238021,0.042464581695597,0.00630275081910825,0.31740916825997
0.0419326585358115,0.877354682366527,0.628484492094776,0.0762896775548189,0.0296473338992482,0.529763777397713
0.118836287715203,0.87891555532027,0.685090922565208,0.224521509521187,0.0290500857037967,0.577932490051843
0.095508206290857,0.485719124007678,0.434492921545332,0.129505232172955,0.0237167202171281,0.59135483961956
0.120134500410246,0.796677007804138,0.205869811097211,0.233859597386239,0.0201323133877958,0.453967495896684
0.0222735122918172,0.105056495153779,0.209601109082282,0.0587452517780969,0.0312969261737372,0.610988294407899
0.0535711704381181,0.627075927705451,0.695889542472417,0.257474829797071,0.0309642001394775,0.654489369991894
0.0173675636251891,0.282430670937643,0.898040141709388,0.126905811546183,0.00973530143920853,0.219105178124855
0.100685271308884,0.903827884523274,0.631114279279513,0.112386336428069,0.0205179626110097,0.532535286188367
0.113341332073907,0.88073520259965,0.821581005976963,0.218352096847062,0.0225224748819419,0.489804164351843
0.0174549323797411,0.568213280902569,0.686062674160701,0.146039396724325,0.0189273460873125,0.664215764036952
0.10862643916476,0.830965345859828,0.898790556607258,0.120405791984507,0.0195931313160443,0.570160623593488
0.121689294554879,0.819900683449743,0.903976251605371,0.258945136453067,0.0232211117041552,0.555279364210856
0.102099061166239,0.16251422733832,0.690225903891618,0.218129152411484,0.0299623668893481,0.331158268068325
0.127394058957048,0.564724783464438,0.891288385168153,0.204424182359738,0.028073407976699,0.436103598667069
0.0844057624913956,0.713145278210681,0.468387634809763,0.258957651059902,0.00766074355151858,0.477751528419972
0.12675375864961,0.905500078456247,0.688154315829141,0.252267077611273,0.0296353193841818,0.538602488019161
0.127292009326565,0.671375870386762,0.0887443183862202,0.125189048413655,0.00338299440954304,0.0295531144644974
0.102056426126983,0.520108063628582,0.897562270801809,0.150983130537284,0.0289568514371517,0.35289725988337
0.0998067734960422,0.270699132502345,0.704989935709679,0.212324132326251,0.0193916527289022,0.0559707396596154
0.1249824917344,0.756290559123932,0.839523266167059,0.252300952857195,0.0230219146116253,0.392459440848002
0.115749015205292,0.241386042828568,0.902723810130407,0.0366399112882887,0.0255185474457289,0.415774956859581
0.27143893278992,0.797228243785285,0.888170145012077,0.236441156520809,0.321298175448249,0.679022845580323
0.471900181367995,0.78643056142902,0.727024430822527,0.231999584466364,0.628645278432176,0.673734644404943
0.293999969494259,0.359590200851627,0.0537461280221185,0.24866588807167,0.0692892001390621,0.133094036967478
0.343699837464822,0.670398634708643,0.903328464915012,0.137184531431183,0.677824277453555,0.574861752180468
0.461932085440785,0.54322617201957,0.92188411327465,0.233173568841482,0.674465492196535,0.434227504182138
0.482894739921174,0.599367350616194,0.620295817555204,0.25269403613937,0.725792452641543,0.678501230439728
0.472026673995754,0.189363982244035,0.172176362885695,0.13628427154684,0.581206510984298,0.642550372179641
0.407992145866795,0.769628131108859,0.719403582745626,0.160883419499148,0.721143466830196,0.396598525112958
0.351061749989768,0.739383215294983,0.310994353031091,0.245645604443877,0.590242389258977,0.654538951206772
0.267063552899709,0.459540246182799,0.732602600734799,0.254869940366672,0.186261009168461,0.190383193042454
0.421630234378146,0.77774433657422,0.873328404811545,0.240227130876837,0.645515449859199,0.513869458984579
0.123739010972779,0.504778720300695,0.325592078632156,0.0319389233735479,0.0736974295092305,0.62212143141592
0.193585928522753,0.272037177793877,0.674718138257254,0.226263143755242,0.673792193693802,0.649219641566229
0.477453706759753,0.549098527416519,0.883988085955831,0.205708657983577,0.696181151867475,0.393201617972132
0.0215922911269407,0.759083009741043,0.505549931226269,0.0214460283298515,0.339356924997342,0.253061635334463
0.23779053623567,0.846584145882042,0.65192483655769,0.0534148017532294,0.393704191333274,0.331465826502868
0.379660331130197,0.859950663526905,0.720235335613644,0.197204904404823,0.72083000133588,0.54930745560224
0.416167604841831,0.374035074097273,0.43372635152062,0.242139024821086,0.675914403818491,0.605960657438262
0.307394080187966,0.78793792320222,0.207686148714324,0.255359267950613,0.462350423372949,0.4277125322521
0.172716444342121,0.105950120257581,0.182597245776595,0.0792510325262976,0.430333926821691,0.557703748056982
0.355346254118114,0.65196754831217,0.740769966084529,0.254548811876111,0.717374642536912,0.663656409696747
0.184600749559362,0.251391240376419,0.867329433219006,0.231041019150841,0.152382811026407,0.147435603454086
0.182676734927022,0.85999916262477,0.619117475090088,0.0860159764773185,0.706686669554175,0.425386584560035
0.301976469923093,0.860982258016079,0.835511895409321,0.212081741001779,0.414084275286743,0.461690692829386
0.15510905703391,0.620508450723788,0.621532523126247,0.153920211508527,0.524493600528617,0.623135899249502
0.284924797261416,0.770614447131611,0.908351117211995,0.192556176651731,0.693081000822142,0.624181789864442
0.421941838554068,0.729551820678627,0.912208153149301,0.231364344811367,0.691951965159534,0.613676580317687
0.243789491296068,0.0922121121920587,0.711828221184612,0.162355033620799,0.644017970976129,0.485137609544177
0.485323919459415,0.599357974091181,0.879116688193511,0.1986974791848,0.716532750083307,0.411852531923299
0.309847975264574,0.702040380488193,0.466177912198712,0.240571876591331,0.659855107334783,0.569958270135807
0.43706965893478,0.867105598671672,0.681053116232116,0.255369686166398,0.541637622318866,0.569691774084698
0.481758123655942,0.609677564542725,0.119553632313214,0.199407484111722,0.184922975295255,0.0301561153300147
0.476796335858218,0.475159420943503,0.919739909658512,0.0402300452927716,0.675850943276731,0.336353374785576
0.220260547780914,0.290268764870101,0.75476413510434,0.246782150938828,0.444090901715047,0.209826799123565
0.485468860487791,0.735631974792422,0.847023602044643,0.185411416007864,0.653242488852786,0.45108259184248
0.403737439313148,0.234602425643609,0.914463028910602,0.0431880279286292,0.5793230808019,0.354152852808821
0.389540766113566,0.88247208623302,0.799795993159971,0.597219392993877,0.536807539126866,0.948955008728895
0.377049629253491,0.326434063756281,0.0331877695409315,0.245053568029967,0.0576869333782435,0.131751829701583
0.388745831228938,0.866448685387125,0.976806896059711,0.38256346276126,0.383063999905243,0.825740530019931
0.38468218932528,0.599115974725147,0.979800601841943,0.433320327169146,0.513885523986561,0.573462167277313
0.414958641708858,0.751040228444398,0.619037161486722,0.614713739943568,0.549188737418602,0.975672642176889
0.374442847906466,0.147680517279022,0.240817794381175,0.470647041305888,0.443907036720618,0.852074343263943
0.427733227669579,0.816727392867771,0.737544133760956,0.508433708129558,0.551437562947211,0.489887301246899
0.414024425078279,0.893851788507508,0.369485162323381,0.6101065529998,0.472499331386288,0.835433187530543
0.151753750747507,0.507310707819986,0.793119133166138,0.593664804806768,0.159829428997724,0.274573276982718
0.421355559777026,0.904751589210596,0.977579491221407,0.617508694316683,0.485426184748781,0.846734806388196
0.230894553800807,0.682287599481075,0.385107927112891,0.155646863929055,0.0333669019487161,0.930809313188408
0.162192597503156,0.278397777490222,0.706059553290572,0.598009161518699,0.480762537019314,0.875519196017186
0.440868987791712,0.625419787623659,0.956217665591555,0.440940228861637,0.533661051057635,0.615185676694422
0.00602676030982174,0.826227748208963,0.602680850882857,0.0441336380839991,0.423216793244857,0.382798673087138
0.0593545709736336,0.948857596482115,0.680386832447527,0.184361421066747,0.36000389834116,0.679923251043934
0.338338018644426,0.935127313446249,0.753751189285066,0.548959332039035,0.551212747745465,0.726237463856126
0.407095819576936,0.459521062230509,0.413085529179142,0.530829424531506,0.401775557436507,0.930270536671482
0.310483494081965,0.833076983045212,0.249638598244692,0.575551540334319,0.344780508067888,0.600986027491862
0.15924984792694,0.105475033357002,0.207860905725726,0.242593923682516,0.446493519903502,0.821826365320371
0.389511595243949,0.670335569979972,0.766577592084966,0.616056425671366,0.548676637148017,0.907339755713282
0.173673895372212,0.330176430589763,0.940577080519466,0.603942729383215,0.109368427770775,0.24545733361202
0.167982037162277,0.964283836082036,0.668696622522786,0.259142671478547,0.550103571987102,0.646474373719538
0.408073797504842,0.942105340108929,0.910891852044881,0.545289106718792,0.326794801208454,0.766570890119609
0.10161028764716,0.647389372729838,0.712712420937766,0.269812321311437,0.331097680052208,0.975654832085289
0.298298059439249,0.813944699620136,0.991618604977577,0.413078522182662,0.521109803003654,0.815401927086705
0.351682014090894,0.865775149922473,0.99153152388877,0.58695762627126,0.512168328357938,0.925942324789645
0.154537679894688,0.185123313375812,0.760819310179721,0.406255337575559,0.516750453197109,0.672911201588342
0.440916243948741,0.689564329515832,0.969351583721609,0.377487666368448,0.527989084248888,0.636017667498575
0.355662697642318,0.821387409534867,0.464574498706376,0.516511904978032,0.509713718415773,0.762316231488469
0.439644479888528,0.964282724431693,0.760902381945361,0.615448809840253,0.475962903234694,0.758166222177047
0.408989630043231,0.721129145042951,0.119880430874896,0.288573575545009,0.0946812898683416,0.0446848774198843
0.432647590922535,0.541908133465969,0.996707319066303,0.11440728922627,0.50654407205229,0.579891715502718
0.217051438916092,0.302018334497394,0.816600526469135,0.58930502564137,0.325379218806091,0.313545909027376
0.426242072883361,0.802227475504031,0.90376239536371,0.517996064309624,0.45519267155849,0.642542743203957
0.423849030691014,0.250328711989481,0.985187682809379,0.109512907364748,0.494535167980671,0.553125990818173
0.648458561688577,0.309233096273767,0.0418370922174284,0.763326975243664,0.110911616507222,0.124452432110393
0.707019928668827,0.83098553676414,0.792893071774873,0.564643762413051,0.747502092175027,0.82053708500893
0.953818518962969,0.597561512887797,0.796830095814439,0.678351123511614,0.793891169972143,0.588898439313079
0.969494677480977,0.677027636968969,0.583347421943157,0.924468209484394,0.854460165094199,0.981038212511528
0.867435383690267,0.121780115850149,0.212420583146672,0.661190256984593,0.795739129831986,0.855928271464095
0.916428617406984,0.799073372055592,0.54929361232997,0.728363262142929,0.854169946041428,0.485612514659341
0.928741998102584,0.762055019285049,0.333434861128743,0.9343022165736,0.677020132835515,0.840361889281382
0.492285981244919,0.466662687635934,0.652585237664969,0.950121865887143,0.210349325547377,0.231478118301866
0.949630724349061,0.847338051943369,0.786625537210024,0.950982591536456,0.816893056635234,0.865257199742974
0.489754374238974,0.655302885207394,0.226477606665467,0.249718754817276,0.0558018461998315,0.950456814611304
0.313741140707953,0.264944890689149,0.524077410720986,0.944590429270766,0.805691929859699,0.894763965070318
0.973459105133168,0.613010599797911,0.65655976301689,0.641457535734351,0.840160290734168,0.603179943049423
0.056943258067246,0.738299848241167,0.501944669947151,0.0697588218091084,0.631758043796427,0.405507908745217
0.345212080238164,0.846222987659259,0.473832663283577,0.314317305302787,0.470992330059892,0.739994697430956
0.863245175591465,0.871258546838258,0.52592664046162,0.794710043005573,0.824096367644498,0.753589841626247
0.772180098314883,0.498208737676635,0.409148942719961,0.84605849346291,0.711055151374206,0.922602726935668
0.658796514927555,0.754241538643448,0.228895984916415,0.934940260198955,0.58731706879914,0.587496548066736
0.308424074892307,0.105850105217092,0.158571773481658,0.383150738067697,0.494951553889164,0.838270816902659
0.635628786324657,0.628952261627713,0.611876726100185,0.945018719847038,0.832284733368756,0.936048670975348
0.379266839939343,0.252064092578126,0.691123139870654,0.895039515663205,0.169216943156787,0.214443982789565
0.384388723808148,0.869248443401327,0.521261151763222,0.369739646921154,0.872731905649899,0.645232672531044
0.820231344707304,0.883322609063031,0.615999057707965,0.89120605993175,0.516501085090361,0.806288400101468
0.228500661168322,0.633611958188485,0.625241951538565,0.543871521261222,0.663924268326983,0.967925975282798
0.890655240115183,0.659309519732437,0.781147366771991,0.569345314316684,0.876146712560255,0.820107128601942
0.901337075425854,0.811852981138769,0.783685959022249,0.935591781203882,0.870370544143276,0.915856660540128
0.413718374599488,0.173594631836677,0.595980059088916,0.530034914250304,0.850191651372772,0.663323680348826
0.981011666404277,0.657778574016995,0.786263408031907,0.602332520755935,0.86283654160306,0.621530314580949
0.727924885221922,0.721247743423519,0.438834461940322,0.943653821660598,0.744949918330332,0.68562121390813
0.951898551484583,0.888309256086081,0.549937762529795,0.911002200708452,0.697758928044178,0.748913817326189
0.95770984954128,0.68569421242041,0.143077785212358,0.65475009109344,0.217855938242238,0.0527499698614033
0.943092379093475,0.48657100226246,0.799858762541773,0.245595672362288,0.82895441391728,0.581921505858301
0.469545033788017,0.228436750193141,0.638996957460739,0.934242959077152,0.42079259201341,0.332257743641271
0.969221588225553,0.698036041971821,0.69774824310518,0.763222844080373,0.697069899294493,0.61201819514528
0.864285338906435,0.255203845892588,0.777637645154966,0.189872008085866,0.691425151504947,0.530189725728269
0.491208327962857,0.350596800487814,0.0515781774436335,0.455346629176894,0.108161451850142,0.127225336127276
0.708922774254668,0.123672612445637,0.0283591262784877,0.649634701878183,0.12982559718664,0.0327038517679229
0.706310321968637,0.242194734885726,0.028566173607238,0.798077942360808,0.127527162805356,0.128761430507172
0.613295257364183,0.141736433359137,0.0356091331068658,0.399527950926318,0.0382726909809687,0.136256713100339
0.6357583891653,0.29825735861076,0.0513992488601107,0.700914072311151,0.104758694413522,0.105311192742304
0.692321371230113,0.291863414338783,0.0210974793833351,0.792138732498683,0.0965614781735131,0.064051730444434
0.435442956511277,0.256052817098414,0.0394636160192797,0.814137517696662,0.0416071989480358,0.0378467346645465
0.693623297018214,0.289982416355138,0.05318499340649,0.813827005462764,0.09387624637667,0.126016288862684
0.379681818358617,0.234921566864135,0.0170317796079276,0.176832788422202,0.00814077400314406,0.0906360648625368
0.195190146312814,0.0861675712479602,0.0264933328329919,0.791591738150419,0.121231676062858,0.124606456554955
0.708601461885993,0.185625579739274,0.0494846450346575,0.654596979229307,0.103375868138018,0.0712033212909672
0.0621360080857931,0.259399369117286,0.0372285573761744,0.0683880806629511,0.129533459683839,0.0079701687948418
0.199837737756537,0.361481075624707,0.035571231315968,0.325215350020512,0.124608426496952,0.131487014966371
0.616005216343543,0.346492050319579,0.0309439200471837,0.685844012489006,0.0892653051387203,0.109967528924245
0.529691894019198,0.102568380767866,0.0113731017814158,0.789481780076557,0.124010588586699,0.121677366350627
0.4113531152548,0.282332470194479,0.012260969320095,0.807700419188258,0.0708092711616202,0.0727779250644366
0.191369534247071,0.0289169926134055,0.00662395011841799,0.314002208591447,0.0750959939152964,0.135501275286922
0.414148488016722,0.16402944883037,0.0319665500447875,0.813305843055269,0.0657226036612379,0.124242504917352
0.329334134255519,0.153132883908107,0.0537502813063981,0.653181953343798,0.0725658944994167,0.071011544795928
0.306440594397602,0.360345159251097,0.0271900611310772,0.293471549217832,0.128461727861811,0.0617429205507121
0.625928537791628,0.35322274953673,0.0502575330176396,0.695290618971727,0.0543824466362995,0.118945860888621
0.159020892865816,0.252666184425848,0.0351547563745664,0.438436276357978,0.109908212927122,0.135811969139738
0.596123448398837,0.319283621480297,0.053627498844586,0.561206892357452,0.127497960747961,0.133263520921183
0.637832673360831,0.333066899936081,0.053711583289267,0.783173819591286,0.129660983911527,0.11843607475771
0.289070414983719,0.0908946560947512,0.0428498867417997,0.355382028885165,0.127823881680527,0.110652863250445
0.711296100012951,0.332977017864239,0.0505305417318274,0.484766339467639,0.125795071133301,0.106052267998388
0.454666487090194,0.277934860059541,0.0360030470213704,0.811249669198053,0.0951142436003254,0.116377277601969
0.687243864012949,0.344741496036005,0.0300315857114095,0.775416454890967,0.121228812426114,0.0970458587458439
0.600855095966483,0.354001035720938,0.00698526083224804,0.607973615673492,0.0328707506788259,0.0144734112014117
0.69052174341402,0.215058796189688,0.0517629975656726,0.255019574237333,0.119989680684346,0.10055831247274
0.315760301409177,0.080430875419453,0.0324592744421632,0.811615782865883,0.0537498655603592,0.0402181380469224
0.714911285053146,0.339507928846099,0.043465898759956,0.652749759334698,0.122762742250177,0.107440216662781
0.673365315060186,0.1130941475628,0.0537507612771284,0.123135964770927,0.103246537938415,0.0506147340074365
0.7620294056143,0.529686729037582,0.962160188752435,0.423457616008889,0.801263122690182,0.376209111652741
0.771574742597424,0.750913628649709,0.460992039726679,0.535816547110322,0.811276330991856,0.819996469632456
0.710636454794311,0.182270485245321,0.198922314925839,0.353297239213418,0.72970731986942,0.74736589420424
0.663793723991184,0.886515825319284,0.74320519075579,0.396931667832192,0.845164955324331,0.487140665687816
0.748627218224933,0.869735598413442,0.354507715264019,0.577501695296605,0.570117631437925,0.690105832611766
0.443330549502191,0.494805722938645,0.795516023690097,0.564917588977657,0.208193176015816,0.241325044145815
0.766192740602361,0.893223973889601,0.966409631357208,0.565910665883868,0.789562061895816,0.775585520524297
0.311644519104239,0.700171949726544,0.343327110211125,0.0934642515589142,0.0396187678205846,0.771750259088789
0.21858785269205,0.257996660043338,0.676108562386075,0.575905268366351,0.746586584761528,0.717531497657734
0.774878052015497,0.651458111075202,0.923682726444179,0.510605544849504,0.81911010040556,0.536053149283438
0.0306169646441257,0.754385895366772,0.55348540113933,0.0497949255293904,0.5986456113265,0.352480198892654
0.262689309090207,0.925910380621497,0.640641664887267,0.248355418822082,0.5636597835053,0.616532726589581
0.699682108825649,0.922034734079721,0.717944113230394,0.520786050917162,0.805070575349122,0.615391570547824
0.592528614491651,0.543791971619472,0.411409983166938,0.526399348218187,0.602006044628654,0.80557625461655
0.590777684867855,0.822722843837929,0.258956048258729,0.548524039272334,0.562809975647431,0.396851057301683
0.278137954932834,0.0747818046828465,0.209737860629707,0.259808124185428,0.690697657539546,0.702594971367282
0.49872027578975,0.627156915423902,0.771468475801366,0.577899851683097,0.753610074209393,0.783618808781688
0.366141467533807,0.288581344216521,0.938451172439601,0.575573007119251,0.197326166550756,0.24746994604271
0.323521081895179,0.939914701932546,0.621408937689759,0.275088441282493,0.784159446068645,0.497544373441713
0.676270123980249,0.937896885263844,0.891530549544349,0.513926165543583,0.520952767226942,0.723380434989874
0.155135331318743,0.625516920402544,0.692650785618791,0.307872666156326,0.586646451587456,0.824301973461798
0.736942128997667,0.796629874474667,0.968913223876124,0.380878169953714,0.830585063132392,0.634844855014099
0.708460078593631,0.831403154040088,0.964108256376996,0.517205878125567,0.825553380728292,0.763881376519351
0.337283365842105,0.187093042373044,0.742183851257757,0.306369696329022,0.829921372449123,0.5542801935451
0.776078787030946,0.684918472317732,0.953731969271312,0.291606013062081,0.834905179211266,0.52053230823064
0.615447950436149,0.800304831539512,0.479080388215121,0.56893605879585,0.678155465421072,0.508220933788737
0.768112013672423,0.939045786553424,0.764213498396334,0.469570794208226,0.71256495470928,0.572849827953133
0.77339965113614,0.679467680742178,0.148843240961243,0.365347273509165,0.206492230833419,0.0299550422373913
0.752343196005375,0.511492973368001,0.977425259854935,0.188474915724056,0.7937798398842,0.449970656023574
0.339829973742221,0.296770833415148,0.825405698079286,0.577506193215147,0.484623796236053,0.217474888787363
0.770369172734164,0.800324961060423,0.870879775269503,0.512284202297208,0.754303981402884,0.523191261016823
0.593041253084258,0.230466867479649,0.954128713659848,0.0580535960399875,0.710504914095298,0.514318858270898
0.952145093405117,0.442669966078443,0.634527656912995,0.705976089641517,0.916412685754833,0.606513814519592
0.855357734529322,0.0947208919895213,0.207386634390198,0.527249124052964,0.821889981350154,0.570701785965616
0.90060026300169,0.567302786483855,0.735811895196092,0.573167362995809,0.922013936455129,0.341347401177309
0.888246155157105,0.302595000069792,0.367609628683471,0.720728521898792,0.724086404575943,0.646597043198371
0.550500735893203,0.377079881605819,0.78866166156668,0.728726047802802,0.258374864030957,0.238398717863618
0.918203231048526,0.574542384973447,0.945476270408426,0.728589143488115,0.851083702034783,0.519750613266568
0.484981566767491,0.496996709738676,0.38637535032878,0.173061688447157,0.0620076487871091,0.647246981558038
0.314597147774563,0.280340269464868,0.704061062364335,0.718177570477365,0.874114344546796,0.644997195440126
0.960207606925808,0.278642547997544,0.930619443586798,0.56936880669802,0.877118127032644,0.355638834560039
0.0596618054296789,0.516798751625679,0.492725458473104,0.0293471254572242,0.642638316339768,0.242350774634602
0.325673700029779,0.618561439848932,0.68071968298208,0.296636892294601,0.673934319500918,0.533054297442354
0.882797931782479,0.566739325113415,0.750999709281954,0.638027228118134,0.862851796685457,0.381210069942891
0.777920964209091,0.428611900441579,0.432608683453858,0.662949489327739,0.749660974507279,0.608491664145678
0.665622257153484,0.60305163938361,0.252259205488534,0.722830086580898,0.564941570343059,0.26396101102774
0.325587959725778,0.0621121829778352,0.189908691048139,0.300566860395108,0.693048311872254,0.55405895280742
0.643658458394554,0.548193150637272,0.773157092575702,0.713717704403447,0.922278636660271,0.650546665565362
0.396521829196992,0.15243756782568,0.908542629758075,0.677898745035642,0.242557270274575,0.11673784456433
0.365008570271726,0.615879114014928,0.663621558736106,0.288310635147756,0.878701115387938,0.458081188103297
0.795763560412594,0.606537775249171,0.882389117536964,0.668887786716709,0.509122320728267,0.526811948907978
0.207555057699207,0.43178668055881,0.687045921888824,0.379077680717014,0.658818587847741,0.65147910387517
0.864028478599974,0.547232095856351,0.967163152049997,0.424926361933013,0.911401764919025,0.538874034628501
0.882035818622341,0.551458122813308,0.971650402395864,0.713899863325189,0.913522318393191,0.572526621293845
0.405147143387188,0.158007545794855,0.734652344553634,0.411177518741493,0.910707011909883,0.363105089799943
0.964444154003921,0.343947882649707,0.944867064150077,0.412096217660211,0.899191454747621,0.451152734432228
0.701259708619362,0.498889807060796,0.489879549918883,0.718913320666553,0.784112168138595,0.522115571203341
0.937076609646562,0.619618339362495,0.753787854370639,0.714833061367633,0.758891557562778,0.527809430093885
0.930076820425277,0.513150545916149,0.147806156010573,0.466035874344031,0.227847842871277,0.0529890750183463
0.930689869877546,0.343038357361049,0.979386081561236,0.174913467176734,0.870722897812405,0.369180340855893
0.444867933698323,0.160327967661926,0.803385538470439,0.716055864116879,0.534920126193699,0.120735954760879
0.96306550123633,0.503621391102123,0.896550089175963,0.620225244634017,0.79334379135441,0.462843838834565
0.825448790526762,0.1475599398176,0.961049018388,0.142795190188404,0.789050122756477,0.381443872115128
0.848201653249622,0.189182985058266,0.239486241042168,0.678670495832971,0.834592611899086,0.773524702965594
0.926752247661254,0.582979769940188,0.549639866808255,0.773684781856965,0.952675840465346,0.489575260176462
0.921638014913912,0.750732336129947,0.274195127517285,0.968221563763011,0.664555882329903,0.819793379836767
0.54599611408807,0.341068789416048,0.376692171298392,0.974114633772603,0.249725702424971,0.27426873202147
0.941248613106321,0.753269990747009,0.587500617148178,0.979555196142669,0.898107047581319,0.85671958169431
0.482670085863448,0.559116387802878,0.342842609190239,0.232433290154579,0.0773276698518536,0.953566371691797
0.31338949581859,0.281664545513277,0.568487355522051,0.979613318955518,0.893835180313056,0.902218122800913
0.984681385051227,0.465315560952329,0.643821367983233,0.802943644764904,0.924922548628932,0.63902176560984
0.0637628497800091,0.669952850709998,0.351290496449159,0.0678763580151325,0.683633838027585,0.402633620900577
0.345581797416485,0.750593562747984,0.466915824829383,0.379155700284286,0.703223671893018,0.752687362236844
0.893408070306096,0.756613868905849,0.487136324300871,0.848424152825289,0.932796359153244,0.746229135902651
0.787833234225443,0.49308755827382,0.346864928292277,0.916955665612019,0.796971642386038,0.933682157329936
0.662590267150847,0.545412579052629,0.227433145832779,0.959000065963019,0.645749819349766,0.603767703953033
0.322546951523123,0.0389914997923135,0.0513837008143486,0.402958740696116,0.742649586294711,0.837641141819734
0.63841777329213,0.539547298882966,0.429300378378261,0.974299187898549,0.938124025392367,0.952435675289734
0.414616351195322,0.16660181128173,0.494567582154649,0.900070671427626,0.249843609073675,0.245953001660477
0.371285543313762,0.755519490851137,0.407202486942217,0.387274370240358,0.939701939048967,0.634077615523977
0.826450248483497,0.735544606171911,0.539235101689269,0.885665495745959,0.530882204485704,0.796725434999916
0.227053531069068,0.603290508335634,0.47392877323025,0.536634240878538,0.701341638795708,0.993420923247871
0.89149666348141,0.687964154723465,0.614951988776923,0.61314417339667,0.952610674395933,0.843537372733973
0.916236229244532,0.681628293413957,0.647303496905307,0.9525517285135,0.953548682468323,0.934176810722051
0.428006775409076,0.135061936831078,0.479268547407138,0.536428147274507,0.93720931246753,0.670447725622761
0.988429048336728,0.519689850663909,0.622246472769473,0.596399180865685,0.945942382645268,0.647849589742311
0.723197853935394,0.607161314230703,0.334069314329384,0.96131122195097,0.809218092630128,0.755829262907934
0.963900661552848,0.756553416904788,0.480674466821161,0.956428834008962,0.786809377150318,0.75527835160282
0.967507865003442,0.584438473953141,0.126060066289237,0.651211572128024,0.226673060561662,0.0511724407938846
0.956248352136749,0.466416219075698,0.645967622416086,0.272734502375947,0.908099655634949,0.582954730446721
0.46872126551093,0.235724674461066,0.44476831454214,0.960919076374256,0.57807273807716,0.329088962552613
0.982753315927462,0.636896450983854,0.590368437856213,0.810410189647864,0.827740433766491,0.647847039240091
0.866257600557688,0.213263554861564,0.615645637761711,0.190845211762738,0.826619419320776,0.544112394962937
0.840792562318138,0.168033604527046,0.196677117057899,0.554736167948547,0.857547394415216,0.468968797414059
0.759753578444167,0.1887224769072,0.147222358386163,0.687449069631363,0.54190188775236,0.639913842936776
0.408237632768923,0.107891287043387,0.108204170007647,0.664953771216494,0.238173344086285,0.272231188342621
0.841175830781737,0.174527654264427,0.248040931331717,0.707426754205562,0.794359355442867,0.740374567858073
0.349350203781069,0.0637845938569881,0.0815835456159696,0.174104738497289,0.0814500718082136,0.859789012803114
0.252591383789307,0.0479633652946511,0.170750950092176,0.707209005286433,0.794606492334513,0.780797403441543
0.876383541939834,0.0716411721724137,0.248542430083554,0.578821355602605,0.812223528095754,0.522872965830031
0.0611225800455357,0.14825064446876,0.22864244412346,0.0639032442365184,0.62723866496642,0.349147547673153
0.320716852624274,0.188231094684122,0.211275736179541,0.306382437284084,0.636300748982995,0.666305917335879
0.767813336681975,0.188985090219443,0.170378145165835,0.600878831948992,0.846836785911523,0.623287075335421
0.662144056588768,0.120419167845826,0.0723392808758841,0.674953852510074,0.699552115996549,0.776200593677917
0.554211892766195,0.153025827850848,0.145895484823996,0.707444098989975,0.570645661291641,0.521456186129339
0.278794888511768,0.0108527305445176,0.0546202597255147,0.230624392910868,0.650398751689228,0.656540262959246
0.442831729022615,0.184615531556771,0.133377601362198,0.70585550286422,0.873344465070055,0.850267794493007
0.388072751371838,0.0607903029105774,0.244236857435038,0.598564673637354,0.269390062162886,0.136014202734076
0.299099584175007,0.188786611075361,0.189786643879943,0.298851115505775,0.830453420992184,0.497860657522326
0.746825963944122,0.1880112536131,0.145476361320277,0.67990976495904,0.510740941466406,0.680307605902422
0.198583962302566,0.177602053157068,0.128340616771804,0.359774076414289,0.657905503800981,0.853071522010901
0.812366998249002,0.130757933157934,0.230222815192838,0.398908994237223,0.86524260861941,0.744377333601696
0.841332663510118,0.16765120053027,0.247330256951316,0.659635160915372,0.854143893450919,0.742708994156759
0.332071973972179,0.032083396362681,0.158897732406597,0.385419873719693,0.845426815081366,0.592766127067928
0.868826948157352,0.0948849102694836,0.237576895657724,0.399747086749645,0.834720935761171,0.455610805150662
0.644770048656335,0.106712540937608,0.056322842120154,0.666837429310617,0.767701883656415,0.694321075882793
0.86140731822113,0.186661197531993,0.213879549787678,0.69882071419147,0.720247891235477,0.681941851347946
0.864989739572785,0.183447257053921,0.0374638820080367,0.454774033414671,0.222527829334295,0.0501515828531021
0.860979092566828,0.157357573450603,0.242763397671753,0.201837250429021,0.750528997359808,0.508403329097498
0.413835954886683,0.0467768315623798,0.103634523485005,0.702613453142729,0.513394974038687,0.250170278530069
0.873334032472918,0.171363964212862,0.243917301472542,0.598322436835895,0.75875234262034,0.553015566504987
0.798996122996624,0.0470916182284602,0.248188236236747,0.121399334415987,0.731606721791445,0.498902138965064
0.888939004929122,0.795816443781399,0.29408010597505,0.778785519725011,0.688994359299894,0.416471612885559
0.525904868996977,0.405357960518382,0.557814513342828,0.783309524539344,0.264956193335069,0.135376649614013
0.845198756940206,0.744040063018329,0.639410117904228,0.778150366538784,0.906169888713242,0.187775958396487
0.485889666610131,0.54296846520742,0.343699614271452,0.215458290444428,0.0573594454668833,0.486103449840666
0.312491131345906,0.164932916833662,0.591409998355112,0.760793968848803,0.900205215497165,0.480279942767228
0.932475278548644,0.587973562129948,0.743470866268768,0.532200821867174,0.931066597080411,0.292967735168041
0.0493664193432222,0.738108686275482,0.378212824870967,0.0604951283378322,0.705189366316543,0.211637946544914
0.317492690905465,0.890814307667491,0.368803982095546,0.349876462000671,0.71264554966522,0.383398543856338
0.817994601926183,0.879224828751663,0.53423529121974,0.682759900331138,0.933335457605775,0.401049582545861
0.767412222674283,0.547156806947307,0.321363153957478,0.741006145817795,0.837178747115255,0.393110276921939
0.655218207344143,0.815807673259561,0.168958928413232,0.766717564479934,0.639300293656774,0.208679961762876
0.250423048643693,0.102873891386335,0.119448784843081,0.265245675652581,0.741853641167728,0.306618351835118
0.586293133761358,0.65952921604693,0.509751529119252,0.769974171273729,0.942850571475091,0.445998424985132
0.417693912199344,0.324202974940023,0.728436877476173,0.735486380411502,0.240321887614295,0.213665091146065
0.333801309609354,0.90124679225896,0.395337860295846,0.352661441452421,0.939553237722123,0.357918241060188
0.788153982572364,0.89970377184282,0.608943984775174,0.659472035794084,0.531387863326573,0.426255602695219
0.212325499218688,0.60256915948225,0.614559001670594,0.344638995257084,0.694734359952968,0.487433781313435
0.850225390816058,0.779572336028736,0.726020964174771,0.52023618709879,0.961809038566026,0.385952768489999
0.856448434655887,0.813629958813987,0.73764206479743,0.761781254663121,0.952043321870922,0.442600904858304
0.406926060204807,0.187078474928248,0.544929893030218,0.376329317169229,0.926555482957994,0.332532802465656
0.936169476263495,0.627911022775767,0.737064943111016,0.409213337411059,0.94993239495997,0.312731946906875
0.714587269811754,0.779657958046584,0.40863750649122,0.748187007320708,0.815146072359519,0.204399063472165
0.916178074909242,0.91025341691029,0.674303523689318,0.684567375442139,0.799032185465993,0.337998355901669
0.912758677465433,0.643016499917933,0.0886345072444353,0.51604049519816,0.217245106874705,0.0260289612726303
0.893573899312178,0.51730913521983,0.743443602424944,0.230960947717644,0.924149428722108,0.318767885133103
0.392767858245295,0.292435810524628,0.57643482389432,0.751423952075329,0.579367155386019,0.0370004897650256
0.928857856600528,0.726205968854571,0.65688030828766,0.6502197576589,0.833181278296886,0.285565377237615
0.808383872607797,0.25203799612248,0.729587291377963,0.136989819823372,0.846119303484685,0.267601508500596
0.552001349907829,0.471388032154388,0.310355282393386,0.987907906676973,0.155290367927021,0.257278526566487
0.917186083023822,0.847437273549072,0.258907180020447,0.988544353166979,0.670511630543887,0.762253698789279
0.49549233423908,0.66223172430317,0.118716309100944,0.247237475164811,0.0420526471019491,0.823185160488987
0.305142768443659,0.192434340745769,0.345026668164013,0.989214805089183,0.598669078556621,0.788871064940112
0.905532903130094,0.611151433557143,0.331885682447223,0.799032312079247,0.693190456842689,0.394344612953172
0.0574126930258303,0.785795946197596,0.247365008168524,0.0710952899537165,0.450626336775555,0.356409208309602
0.347776806420268,0.864617419751803,0.194305173468438,0.367795446376402,0.386698257402715,0.611647497086385
0.838330280299761,0.876720940160882,0.318120179715558,0.861757208607019,0.641960790850166,0.659603579208592
0.729494908373873,0.458386150422001,0.154827851159513,0.933131239789437,0.628695928060518,0.817128254493556
0.653439459113595,0.71598123119683,0.168003280881421,0.970036142293132,0.54450079107733,0.475031745508044
0.276551623773336,0.0993790564830392,0.0776789284265613,0.394277185626237,0.482033492755405,0.715750200495281
0.621357713947304,0.68616598878642,0.263976900322181,0.983341370877771,0.726583842129518,0.823158486692882
0.375530363865531,0.310703801281645,0.323717934705772,0.903692196002004,0.237180983804628,0.194517714586974
0.351200414648498,0.902155515611002,0.205907306178749,0.387068269092135,0.67709966351108,0.578157537025725
0.797541574909827,0.893241396274636,0.342085637135884,0.885515069867081,0.421604258965675,0.705949195622626
0.230089225101412,0.599670207494116,0.218122940780746,0.52981712708401,0.53401694410891,0.841716642264901
0.841403318905177,0.756914636842085,0.342258284117911,0.617368767766116,0.723484605049754,0.735098571764493
0.897294550582583,0.801628754834814,0.368347169400329,0.963155817187744,0.713876028062648,0.823557973609115
0.40435479760796,0.148700895284129,0.254308939038502,0.547958207355964,0.678900542393061,0.588808611403508
0.947632483141348,0.619285274954264,0.289774316866956,0.5663170486614,0.692960440494595,0.570458588866588
0.708153131018877,0.765098742982328,0.192942842758488,0.97118075199306,0.537166136915878,0.599595812742415
0.926449988981593,0.902166384188522,0.342461951074404,0.971884552037511,0.549381867138655,0.633822291423108
0.935948694749989,0.633615790218541,0.0223891808736688,0.636159638815875,0.129933612060117,0.0356209050798211
0.926853229649969,0.508196894882008,0.322488736886906,0.271382901003094,0.683885726473067,0.477924556171416
0.452291175895312,0.312429208887713,0.337796017906322,0.96520328728298,0.494258997239664,0.29542773813276
0.948182173590252,0.748875341873801,0.30809184097821,0.813223100292292,0.61357340223216,0.576918315641857
0.755670311238691,0.230147864217766,0.306224940389934,0.188871108021879,0.620978770651372,0.535748489859042
0.512300975151043,0.399598526275624,0.786630831074804,0.997559517719193,0.264781579799036,0.244697516732884
0.220851073356202,0.499986874276249,0.332506488023427,0.240014141189403,0.0472038139149044,0.264549281525629
0.269402981196914,0.211808001989316,0.625888065882765,0.9949108914657,0.191807222062815,0.154273329873868
0.546059758448624,0.315180425447257,0.752550880475023,0.811042995503051,0.25675975831399,0.175453878671083
0.0574523005214851,0.426580655350507,0.513935991973139,0.0653865961687743,0.177816265683657,0.142510968527707
0.271697438624696,0.546041864272486,0.517983625097705,0.377320599319563,0.193063323774096,0.259974277954148
0.450106831593919,0.544460474975116,0.639928319865301,0.853348570269595,0.2396932820307,0.177577915767332
0.480186719825345,0.345154738035758,0.269527169397026,0.924254186042251,0.240965347225314,0.271291532921118
0.221146666124063,0.369890917482855,0.190115292295407,0.972076267294347,0.0672970713271868,0.0942833781617556
0.188687278660341,0.0626800696330724,0.181989970127402,0.400711012607495,0.218378200522239,0.22449017043511
0.285041832325592,0.420120083893677,0.706688847973602,0.992885152709249,0.237566834870958,0.271440337960613
0.25690027492113,0.203740852998683,0.766301662434032,0.896856373985704,0.0308412956045305,0.0353876694869522
0.216728833409571,0.551166938886443,0.552827241038511,0.392151211643568,0.257653265111173,0.176509447438591
0.414885234388125,0.542122256348361,0.677836864632299,0.887741626726893,0.137735207055558,0.232047755619302
0.167681961316423,0.142624289188219,0.632957052776249,0.526135271507585,0.24291779168039,0.26779429805851
0.546811202274036,0.375804688790363,0.798773947182546,0.624237133734633,0.218621669557823,0.256388359343001
0.493743014227618,0.503243631459081,0.799789299279377,0.974020522944911,0.247740965398021,0.260170013364397
0.136764389554847,0.0680450546029217,0.663910792097681,0.526163198576729,0.264208509614841,0.224246521314659
0.539598356632915,0.344948913255087,0.764959403325051,0.611578019476076,0.261714951150148,0.199733794759607
0.4412394694645,0.513430535244242,0.378101405102391,0.9784770333846,0.259386226593726,0.231347769862917
0.552681565019452,0.554036628638565,0.517785688268496,0.976825465083898,0.201939398702641,0.232296799417008
0.550906077972914,0.396752414717017,0.112730195473601,0.618079439939827,0.0363752321536416,0.0100365767741598
0.528078490850052,0.381340004109818,0.80094234851283,0.275096539807062,0.265753517349066,0.147264220564129
0.210707295413389,0.218692548844476,0.687207091097759,0.973654020566889,0.084723415845714,0.107550687488947
0.468211155684736,0.452259139366512,0.719843898608942,0.818623044040349,0.211701514561396,0.0869372138796338
0.424085818942635,0.0930087214747806,0.786173019617065,0.185013622626055,0.20909907993328,0.116503160388134
0.481921786988881,0.691735842781376,0.391737503935162,0.2478486226586,0.0808854295669144,0.823998175325263
0.309516563016602,0.279092922920648,0.697879274867528,0.998852999302199,0.803532865660747,0.680860544506985
0.952029584429288,0.649650232609227,0.921565238248374,0.810684529899003,0.806843169784908,0.551077227148286
0.063732406832676,0.73774347706412,0.603956774306208,0.0611639319015849,0.612434690579339,0.368367866262081
0.346141414469409,0.915041455618055,0.680455099459422,0.363292845477693,0.644071457660076,0.678760377984263
0.869963437187506,0.926096646082235,0.725326402286906,0.865981500952213,0.774966567241421,0.675764111543908
0.779733841005548,0.484643965468039,0.426124916280687,0.944306837150442,0.744634004615537,0.832235784806407
0.606103934169703,0.847594078979895,0.226028668561625,0.973850682668784,0.62609567563076,0.484238201421039
0.232725920985459,0.0999271541853616,0.202768540992967,0.401688859730503,0.685192241902993,0.780485565425487
0.588295246489385,0.672728150389919,0.765008333321679,0.993431896266653,0.870332293394384,0.839304209872861
0.403507829866864,0.304379651237753,0.915475005880575,0.906209237128161,0.263346512156733,0.200089244934574
0.347697767072642,0.926851978839148,0.611688350404049,0.384263107907844,0.877229567706991,0.526869569351209
0.802501606452338,0.912392571829858,0.900717853086582,0.895878094264597,0.4997972201547,0.675940936680386
0.217200030199161,0.630846653191542,0.609027033869453,0.510327951317828,0.620293028089406,0.85885365220078
0.858238544754391,0.805837214110757,0.970310950107506,0.639355211699925,0.892010009581474,0.736350279537157
0.881551149400442,0.746101804789604,0.968034293572544,0.974025055579046,0.902565403432296,0.809413034627727
0.426974647384212,0.185703584683974,0.742421776645501,0.545165582794287,0.854828605263317,0.53470786197784
0.955466762217205,0.631415458468268,0.935780407793401,0.60416166612383,0.883635468827515,0.55104858716204
0.708258707179201,0.730813786980107,0.488789959660036,0.979617371321158,0.68066184934625,0.689213534918151
0.927821296945671,0.922937893612286,0.756777851983025,0.97648562792022,0.678921034971205,0.640620494929745
0.941145985397147,0.665256698098029,0.143667501327452,0.655398215011915,0.204074616346503,0.0460131867387605
0.904367843156142,0.52760821632495,0.971209505779059,0.264628624655038,0.854280628975769,0.425209240384108
0.424262761140456,0.286291698516425,0.827841423679197,0.977873931823577,0.544585617587944,0.322990380016524
0.925099714174582,0.790113292119945,0.846070255133693,0.818449611272053,0.734054732893052,0.621482202099822
0.860653015901529,0.238887702296411,0.956016868574515,0.184932484315976,0.775140896283279,0.5401876032636
0.0841706677581646,0.250273459108639,0.314146746830219,0.247289758655325,0.0817149192599173,0.889368392256968
0.497895393875495,0.499642699359273,0.392261092225035,0.229239141569413,0.0807536624457088,0.59138463594854
0.057461578491347,0.568794318802502,0.294723610193771,0.0201794097072118,0.0503842761286304,0.404399128272042
0.147978028010321,0.702675892832046,0.381645600699335,0.165240521380577,0.0502865954035288,0.722216290635457
0.477551509010517,0.684655940682505,0.308089005854942,0.221169510357407,0.0671867653131131,0.738549371889414
0.401754046845072,0.379234147748113,0.214020394484311,0.205019303151808,0.0668140964948338,0.877480164292247
0.335183378771113,0.598185539259048,0.0825179046392359,0.242461679290192,0.0592090406007542,0.567765528182221
0.291612862566711,0.0808968646421876,0.0177814099072833,0.162900203723812,0.0386043971292944,0.780501730882942
0.435254235924397,0.540419614317259,0.329676913719589,0.245886621539814,0.0818841792780236,0.889662979744461
0.303136091398479,0.281580273250292,0.35847204050324,0.245040558632104,0.0503080061867875,0.16832769404842
0.159894143010958,0.708733103074365,0.22268017663339,0.0668242845691845,0.0748279407607797,0.624524869327544
0.337646467251253,0.70314993722296,0.391635272734324,0.148791075437915,0.041331070589728,0.792818404170665
0.110635638141798,0.219243762211852,0.367574280546577,0.176947703278259,0.0118363153287442,0.954850351705018
0.480431363581484,0.635491505753564,0.388607524485312,0.147564541935243,0.0694843840173318,0.82870879022008
0.471645339237711,0.650404776079971,0.393297889101725,0.234110032129142,0.0817748345317141,0.896157987403758
0.209340214989916,0.145183513536004,0.317291345683493,0.116982257275501,0.0815691149676165,0.663949828626038
0.471941770211863,0.499201144872543,0.384577106159619,0.160947522397129,0.0804592612383933,0.59736269195049
0.375118710755931,0.546337563500477,0.232249700523324,0.249632199857357,0.0812396409974143,0.725154844101503
0.493467522217071,0.708841574696782,0.345366769622461,0.24871706848583,0.0456694437617886,0.726050187179036
0.499219643765255,0.513816024422309,0.0567609050428304,0.192708701045611,0.015123485885348,0.0518331368905864
0.466325925232829,0.349891484321457,0.333110077727719,0.00705704521127815,0.0803807988364158,0.566074243152807
0.215006510210031,0.180289015230299,0.343801472790828,0.245514037188029,0.0220991364306269,0.329321303330924
0.470810524428231,0.583159287533934,0.335247890173122,0.197373035408529,0.0683686342864841,0.636443726433639
0.423557436814302,0.111827128026552,0.355922846791233,0.0584137463044373,0.0757909793092173,0.548332354333311
0.311197353486933,0.108463974969311,0.671054593878106,0.812231242151249,0.872199554544247,0.579783235554863
0.012161885684125,0.268355328795916,0.413849612960772,0.0710935698937104,0.660913315448361,0.355012513056653
0.0733457347372621,0.264777579212301,0.451273165545441,0.383635883209737,0.656962426507748,0.649535779379199
0.308009836044916,0.28111718272448,0.524647822867153,0.865953676879752,0.850932644644531,0.710579354363952
0.274447902310002,0.21630979991581,0.288662922133881,0.943313143846993,0.801084903981057,0.873672958163852
0.222690589652685,0.268262604946957,0.179546533665964,0.97278344622254,0.618858580663511,0.571951123642361
0.0197603355600974,0.00634865427522135,0.119765513445059,0.403115401707506,0.593112484496557,0.790948933101492
0.194134805385189,0.165389789721436,0.467032203102168,0.990955695647483,0.87801269279858,0.856879651033755
0.112275923210696,0.0841019847016821,0.661498327026499,0.904456441139792,0.250044314028936,0.220524487513574
0.0478976682126739,0.27739591439684,0.474077271205438,0.395385218876561,0.879517546713707,0.527426395383704
0.24274118351394,0.26559791153627,0.630451012963014,0.888059090795624,0.515989554652384,0.748568525978568
0.142670617497349,0.255621651593514,0.382243489316823,0.509102797603427,0.552212815561484,0.899072248377616
0.242325789438719,0.278365282075252,0.706006923664352,0.590836037151701,0.895450582143988,0.744401477836865
0.26438664207378,0.226975975326102,0.69483028233168,0.972297990821337,0.885067468316343,0.854594984522532
0.107008717508513,0.0437238443450425,0.523797759805453,0.534890106947782,0.859659681220571,0.608493951127097
0.305681519966827,0.182789341568542,0.693315615022366,0.607370339906873,0.877487929266766,0.606121863438143
0.222718715177134,0.248518529588818,0.360214728648244,0.976103505219158,0.772559233428853,0.703089185806707
0.314137312534693,0.28244877553049,0.518164212671621,0.976766511837839,0.753924762917739,0.722717399957148
0.308867967998062,0.166647625486192,0.116459334387084,0.655004544463428,0.22187537528132,0.0529888952468649
0.27674226991062,0.195789987947905,0.704514837155256,0.277600180374972,0.862354485054739,0.470628098548267
0.172060275555109,0.12241515372536,0.576609664407099,0.978057220041907,0.444092851182952,0.221976281189566
0.311899998981485,0.203842691521377,0.656465932596034,0.822216097946688,0.781398048762709,0.584751437021922
0.291177676224442,0.105116991555547,0.697335102639513,0.190841424584346,0.784697113347316,0.507895826934108
0.0527095748287705,0.582751342364308,0.567579169587635,0.0591419156281945,0.70149001381897,0.292816327067575
0.27540534390885,0.662688864615794,0.614871330146224,0.354316830899262,0.651977468112141,0.298227748295449
0.897158471044619,0.658498119408633,0.738439008249143,0.674630197356742,0.878637984732446,0.519661531356209
0.800877780373885,0.313207678196825,0.420064544501668,0.771206568447189,0.777234859744121,0.633514526749072
0.639238057622146,0.615376867746838,0.221421361753068,0.804306314408086,0.624572206785921,0.329348608446434
0.312326425106033,0.104246208238247,0.20880824547212,0.373953768948627,0.745118776422491,0.451500566142552
0.639632642523623,0.417412790486692,0.741753417289213,0.805824030312464,0.922459337031018,0.614084638103755
0.412827666433831,0.227285667033028,0.903633345378406,0.722352341283646,0.261086474333552,0.158652439985842
0.371849144699495,0.620893341141593,0.624528840635284,0.346126679711167,0.892306977177957,0.478576883152498
0.823083903138239,0.661276612810487,0.846268720101545,0.682317828906864,0.499772752757401,0.526362400785259
0.224032685113076,0.384765948379487,0.694349654784895,0.425853155724075,0.680090280303897,0.637972248838219
0.894962515919644,0.54206262192359,0.949732357114077,0.508335376598454,0.925873195251061,0.565528662278914
0.918401363834171,0.469506972088481,0.951697966692013,0.797435952319908,0.936784886275772,0.597666274805585
0.428445496164002,0.157957553184892,0.736894998528608,0.446709560259247,0.893265640917559,0.374997908543779
0.995663711691238,0.445165508814971,0.890826226482323,0.595376144354364,0.917828286297765,0.39739724422948
0.715979696185053,0.52535747199817,0.457716905403396,0.805379413327986,0.756353383105199,0.438645540841257
0.970469869208996,0.653815151116979,0.742802306629889,0.778020382434356,0.733690518768617,0.489901028262707
0.98126053963947,0.2997634092554,0.145980023932287,0.287930666339582,0.226680418435579,0.0479777511555117
0.955395567391712,0.43810349418635,0.953373011961529,0.191933236103758,0.906535239277311,0.281102171351412
0.432682124023485,0.275935309720884,0.795468997355372,0.786360799111356,0.49384485614784,0.29091765535143
0.99072483766936,0.570617483264823,0.809305944023827,0.74231813061533,0.782956430151912,0.399615949461621
0.869834941731405,0.152880484552893,0.936958389914984,0.118612441267218,0.809162744345607,0.369436403567958
0.0334040301162697,0.832351953536362,0.48619741277666,0.00367343621719418,0.569389206076867,0.231013758557917
0.0626613902157505,0.768946709301871,0.504437487026041,0.0465690418606182,0.559729137685631,0.278191435589333
0.062481284042586,0.43332050085839,0.292894076583954,0.0709588869850954,0.638973629272833,0.336419127933772
0.0141545095697333,0.676118845002425,0.0901618062911423,0.0699563877132559,0.58025816273618,0.28353376085765
0.0290363533364923,0.0787516691255022,0.126446301723225,0.0254448603695252,0.575844927779589,0.33773640305948
0.0161981961117568,0.607260182848086,0.397330560368528,0.0648595342843482,0.68049349631257,0.358322354695381
0.0490553127352296,0.281287913084967,0.577194970124023,0.0665956550325444,0.220527002024883,0.143859418241765
0.028358569582021,0.81577304686655,0.429453703963092,0.0126570356508302,0.687619802411701,0.226994143705875
0.0564738255096845,0.8322498987166,0.480615478792614,0.0356185193535492,0.48385971212395,0.347838060746952
0.0242493378670197,0.630397197244039,0.43687737823888,0.0269404226947563,0.540833601568853,0.377508626255947
0.0533656671136511,0.744569802392653,0.578654168414087,0.0564467613503403,0.63246618604855,0.280500990648727
0.0637393950401108,0.690935852210567,0.569452129200067,0.0456908082709541,0.651671346656788,0.393347928342629
0.0212777286602439,0.174911344491571,0.464233288105442,0.0381175833595895,0.703375923076965,0.250865516336701
0.0479929098376575,0.608258405844692,0.544293828247625,0.0611883337654777,0.710922769586073,0.285033869099432
0.0225432139001808,0.722859249666234,0.217369597151087,0.0679829584576799,0.576279331387825,0.356129932441188
0.043966731949543,0.821211849396952,0.463406960812841,0.067949625407277,0.436091157409302,0.34299768543363
0.0614706332989763,0.501130260719814,0.0811265664139229,0.0401691394507893,0.172187510710846,0.0111524458189185
0.0636748452855629,0.478105202398085,0.600612048574069,0.0316134831114749,0.600970857085797,0.18704262418502
0.0357239544053981,0.270553021890237,0.536420195125402,0.070991975742878,0.417644134825668,0.149710234555718
0.0627199061728965,0.660857418990127,0.568917935118352,0.0430386637769533,0.60398469879942,0.246731470071266
0.0535711051773922,0.173293159056629,0.601279535947723,0.0249581876822159,0.586008482194831,0.186901985642623
0.260004941634717,0.964561494587702,0.410071539071268,0.367794379971966,0.70020504930155,0.609205591715984
0.317947464140059,0.546106533428863,0.336699208555666,0.382997868118695,0.685880461603088,0.618939656577324
0.22707260756928,0.850432034869278,0.149762640137473,0.379640225297347,0.443993856700512,0.454234324957605
0.12723655502677,0.105384796350105,0.121495422154086,0.137103002034912,0.636411421787257,0.647507626688996
0.27689185640913,0.699575091822194,0.630217636144158,0.34660533859446,0.705369618760304,0.742394049800343
0.200962146079946,0.320613798438982,0.643534351097423,0.36732767103581,0.237500686991575,0.244481241156495
0.159464002849557,0.982226178568659,0.446592296256695,0.137653863989892,0.634655858397475,0.4390354246074
0.28730428944227,0.972037811070764,0.624344688086941,0.34001353829502,0.31636808443859,0.617591282126147
0.0336118580970677,0.627986382240124,0.390566140113433,0.251429321394593,0.47906855225501,0.752869404938844
0.310422329324764,0.858972969355081,0.678899379889067,0.215437794270883,0.711928727684024,0.633659884433014
0.351593795938654,0.871429228564333,0.681258484516181,0.381508910594551,0.678361542942769,0.744770065460502
0.202544367670789,0.182463723104934,0.51825281054068,0.239458584587591,0.682020678379004,0.572726329141739
0.346542502979352,0.695198466666213,0.667508926070456,0.202529751715047,0.689289026100646,0.436567214985472
0.238947726759298,0.783732083007434,0.333426608407586,0.370115739702085,0.331879223000288,0.588192473752571
0.348068376211905,0.984587975566532,0.545982080184245,0.356273999584434,0.638943685340121,0.546356288027644
0.314980042379308,0.717962922677958,0.089486781031086,0.272046510201768,0.179588284581145,0.0469783156150553
0.323675612672524,0.55362667757645,0.680357340603139,0.143052229765807,0.629488554543787,0.456663222803687
0.143261458969199,0.308760396603426,0.482272531074708,0.349835033188293,0.442151540949195,0.222981629388931
0.351467923110772,0.822976081326768,0.634889646220928,0.282763725097613,0.496690900042941,0.489395064270772
0.331968082765975,0.236354486170721,0.663659862366807,0.0503787244257209,0.512085532856339,0.338742155706766
0.716765434200873,0.54509049194121,0.302203334838233,0.809169846738204,0.805735577995217,0.706435676363852
0.559512334992515,0.861496570669976,0.237250166296862,0.818371987771892,0.603104940925112,0.47620396464532
0.236193393710661,0.103357712365595,0.127008414841596,0.309591294559337,0.69321194479595,0.598469483867121
0.612292551088574,0.713830066538533,0.616028077669887,0.863035855948428,0.897492141195212,0.734903626577047
0.369010550883178,0.33212634813295,0.703942667420325,0.769765935335545,0.216166248807585,0.180008449180095
0.323330475886883,0.973976796526816,0.623091769407924,0.19031201814904,0.871041200879964,0.508285329863352
0.587449051076192,0.966230186081839,0.729330264012412,0.813110095870947,0.504196395647754,0.499381721203424
0.173567331254934,0.64102289934907,0.538777424803945,0.469961587850881,0.672830544250689,0.757788447874416
0.747460886208218,0.856114006205109,0.594002861333495,0.635456820949151,0.938347448014672,0.663790930118962
0.845487098786326,0.873742517613894,0.753146888239819,0.847098213662897,0.893130936782058,0.72098351223744
0.429864048476292,0.153943477190891,0.56228012119933,0.442500772868807,0.927685452714476,0.580182960871863
0.868779757994154,0.698190279411035,0.70474930554887,0.562684894855312,0.886880093249325,0.546830639176518
0.684787148110081,0.831422410426711,0.400203017304546,0.836705284495794,0.813292916477743,0.523979254341781
0.874712329420486,0.980478172709514,0.583544198220993,0.841902617627005,0.79772727821231,0.566877685758335
0.895919590858595,0.699903206736884,0.111749305589778,0.542906431948358,0.204405834523915,0.0226618157918665
0.886666813454642,0.557053766261772,0.752581985739809,0.226075292134004,0.897296086196787,0.376280808599476
0.468220236348259,0.303895729357258,0.717367750617108,0.864117698960217,0.582770537766893,0.313021000403505
0.893439242459097,0.807863161999537,0.657083352214552,0.728677930023057,0.785174911718238,0.489023535105418
0.798473854092105,0.242266496208379,0.754965665873233,0.189098997056594,0.800474013926592,0.388506661355985
0.47151925823606,0.371713363420344,0.0856368925849653,0.915050807504877,0.597993622448953,0.586491119873556
0.248923886565055,0.0649764696193493,0.107963832658133,0.313862737594104,0.540158289954046,0.807709563031208
0.538330955644571,0.40141752409735,0.270678308623839,0.941817313598461,0.814323088843647,0.903182415966402
0.255142641643237,0.17482155770759,0.395937878943876,0.859130287274028,0.248217634631514,0.142887912518981
0.316729416012844,0.547086294974327,0.266041088903484,0.364416529539958,0.807139722094021,0.606489030079638
0.701157207489714,0.537844738214292,0.421152045503075,0.815792762556789,0.453511128787514,0.790615700427714
0.106693426324896,0.425542665014133,0.362853032546165,0.544442425143385,0.639625863613675,0.931450909404381
0.764753169037087,0.436639216955086,0.433615057909933,0.613026142928985,0.830652155099393,0.748162675153105
0.74526662062907,0.444663364312471,0.434488563879746,0.904041774221748,0.79654677147893,0.881191539688327
0.31182343361349,0.0553079890236911,0.29962519683484,0.532495963951085,0.77398627875042,0.629156699559845
0.792705695927334,0.348686314539915,0.42858360210774,0.59298807781875,0.797092525540358,0.638073318778185
0.596684236483333,0.460705351330783,0.170336880450121,0.915903411854645,0.653071566172464,0.660066302259074
0.753269376061383,0.547106414021718,0.294521887814243,0.91241680369413,0.660190526124066,0.739827178613821
0.781452544566897,0.387852841484699,0.0860189289975271,0.65061768215619,0.169054061419095,0.0463466311860434
0.77177439460324,0.268120567161462,0.426731258406325,0.274292592578031,0.802779962348046,0.563466885214305
0.389546253931822,0.182093338086859,0.422283529077155,0.881516949131716,0.52020020590751,0.331502644142912
0.770822885841799,0.431077080079793,0.355473464979644,0.74240081592384,0.68361929261577,0.537051206949713
0.639488616261518,0.211333231620389,0.397758033991479,0.192229030720376,0.646569632630508,0.55380567531437
0.201285374291076,0.0854613448451387,0.0500899964618955,0.397585984366046,0.47539679505966,0.535556921235532
0.511659095620393,0.640804242440623,0.207282927272488,0.968647525381332,0.635555420619874,0.60591096514603
0.310179130604036,0.311013937569116,0.256010202350994,0.894897570523589,0.236547261635586,0.180230546250407
0.281089254642071,0.866310131794481,0.213280828883862,0.336100180948354,0.512998939157278,0.37310038919605
0.629631302594532,0.875225032818941,0.257842676553036,0.892787986356269,0.451245078645685,0.551916476396143
0.175032595531201,0.555985449865689,0.22209269367595,0.491247185234114,0.4716130446458,0.595785751366041
0.545136417895024,0.750957063922247,0.248758775666123,0.633055164936013,0.640849014390542,0.538047430494417
0.624213083693941,0.780251869399598,0.257752300048683,0.956916049581477,0.637311418069761,0.577872930178115
0.348542041144079,0.18516697066564,0.149936941549419,0.439966400748157,0.646754177039674,0.476236308994258
0.662346813696866,0.606081949418984,0.232726272089738,0.609939757992817,0.612985355082951,0.361530202781479
0.312827945703206,0.720387783630483,0.0648734331599524,0.963615353302909,0.510866445633873,0.544709173708267
0.616237086136018,0.873311294881983,0.198641184419932,0.948876240486783,0.386565951240473,0.487511483886972
0.649795514452226,0.589895065473713,0.0448094166404032,0.593163420412353,0.0755198697425374,0.0240612842034558
0.58943274431014,0.511873777449802,0.25921486833115,0.272658358952098,0.597731728635982,0.417306136789968
0.329357390183149,0.306614270982154,0.204117890667255,0.950543593065394,0.454695335758587,0.226857592408349
0.591279655475802,0.759555832920842,0.257829234597321,0.707701623164226,0.586888840450715,0.31483613245322
0.432391736972883,0.215344226844555,0.214044484376696,0.143627471243991,0.571407456208785,0.426007503433378
0.294308037102106,0.0771952080341964,0.163684681949125,0.388712307716061,0.734659154871408,0.728441016999104
0.125717742339101,0.0319372832548459,0.170142719516102,0.363611916256424,0.254306698249468,0.180818325999692
0.205716601862871,0.104989313813333,0.204711237763315,0.306452797407043,0.690836247765716,0.599656167838175
0.274816029338322,0.105977597237162,0.17521908951294,0.391390208925765,0.459355348774028,0.691703130769355
0.0965626879301873,0.0590208369631836,0.133919146054539,0.230357889850773,0.529290911550052,0.838551568181465
0.325870278397816,0.101639628188703,0.15583503467203,0.390585682862804,0.684863537532369,0.737865763570346
0.310814940700296,0.0944458942977612,0.207613361122927,0.385160357927136,0.733993154341282,0.77056703620416
0.081746681966048,0.00426442472424959,0.174838242099679,0.0253688312032585,0.662476917513846,0.559732012403427
0.321391518693,0.0494277156439888,0.193283657161414,0.160259699372857,0.68339732760238,0.551059285396869
0.261772664519792,0.100900084790383,0.109795348824693,0.403233385026795,0.373757566298353,0.697834243938423
0.324194080143132,0.098635659479914,0.196981253365288,0.392608718937543,0.669648836548825,0.691517894582902
0.326414535696202,0.0900050376280874,0.0356925309190914,0.262482652012391,0.185887529389622,0.0502184384886957
0.315277848751096,0.0536172899811462,0.204264860739332,0.112864709663303,0.693523512080482,0.441404315567238
0.162874951427164,0.0342468330635881,0.168429737331057,0.364160056339059,0.500404070170645,0.208967865687606
0.318208356737315,0.0894710666947092,0.195162428141504,0.327649373391975,0.645043113255191,0.497012248930539
0.280450061417888,0.029286834461524,0.203388826121501,0.0633195163288629,0.596389475640464,0.402506965305368
0.279914551707001,0.229680800591747,0.737838056573434,0.890448284849171,0.278860472355695,0.222844588525027
0.164761320526491,0.715239133722482,0.453612187499946,0.380172853755126,0.89876207444243,0.590632163737835
0.541008260697702,0.714029149311793,0.658542164721501,0.897881250784835,0.519258332808819,0.774253727159861
0.147061010979763,0.447883250940164,0.584245568532113,0.54451084790143,0.677109950280544,0.947144564583974
0.390705200443165,0.612685095927431,0.760819770565849,0.62738558019606,0.935332645340855,0.765948611029123
0.641936322221193,0.635013087859731,0.773079015128227,0.95747646971983,0.934442618894745,0.86454629068888
0.310175302435815,0.167492964385959,0.551807265715438,0.54707501142857,0.872308198105258,0.61485157776924
0.629655091561571,0.506858611105391,0.72489576184837,0.581361617212015,0.92893278966977,0.586035712490333
0.432829339088552,0.579253420670846,0.464949973308316,0.978920065260623,0.76673163317917,0.717878281257062
0.647068342498118,0.721789149290022,0.602103950621336,0.971042541630752,0.75916077159127,0.749589272043358
0.629867550977201,0.534003833777089,0.128971476473782,0.6530086287088,0.217814071467703,0.0495628148037847
0.641366515590212,0.284947585891584,0.765066580148562,0.279217491713847,0.788551762885157,0.566341031470448
0.274593528129207,0.237373832443251,0.6541102030367,0.968285970216938,0.541040081911074,0.321122355332051
0.641171240049909,0.593046360852099,0.713102668762451,0.82259676830762,0.811600473361879,0.61862603764333
0.603529199890237,0.123883872119049,0.773893489417859,0.170757569833239,0.77480194552409,0.541099649014662
0.104568619982053,0.333032797278179,0.622622147730853,0.349083855307354,0.2909580482703,0.110922425474009
0.278324349382117,0.32826989012441,0.872174235275509,0.801423749645688,0.139202659060919,0.240583640985675
0.0866533628596915,0.205705937437159,0.668165653447628,0.525606526010017,0.19225524177974,0.250305427121691
0.391825389082991,0.283807979773022,0.930174208388754,0.538220266750319,0.286232122805645,0.218881932555236
0.279296736491184,0.228322265403544,0.929879901334053,0.887496320694659,0.257082746319284,0.248879034871159
0.178570984294535,0.0648263645413669,0.679015191983666,0.510534576817041,0.241274925450938,0.132735875475952
0.417722932843529,0.258982994342155,0.922161408065243,0.583156931530931,0.240142242141834,0.150989382823724
0.285369512103659,0.255038211310367,0.429370013760835,0.867226102688629,0.183555451584375,0.181650063023388
0.394429261683723,0.326427606625131,0.645583894089701,0.793291026507123,0.287170559115747,0.163176300197956
0.4152738794012,0.212413277241284,0.150349704965459,0.577546979758409,0.0641495005313966,0.0114691589885471
0.406103990628716,0.173228549629405,0.939321865480929,0.201424085581024,0.269939851715993,0.13150635430549
0.206175160939267,0.0552307081373904,0.760600950872134,0.873778888954459,0.248336500850644,0.0343071337294765
0.329131951955963,0.184869242983434,0.839738828745683,0.684287352220238,0.287982767377853,0.219732878948448
0.379747056994447,0.129268731283114,0.926826862955522,0.159653367727718,0.290738236143616,0.138720027469141
0.341111030731526,0.984024274220794,0.639229831491381,0.38694719630329,0.54757540787271,0.550860693890211
0.0941579407050992,0.651109861332758,0.379866795699404,0.277431858883151,0.67265327787829,0.644182529029052
0.373989872599119,0.860856531338151,0.656534640387856,0.282299125105011,0.933255132377013,0.532136531526384
0.272747660670235,0.880793970845292,0.669142198786794,0.393357327032624,0.942240345260937,0.564297424554526
0.290764460995736,0.14752383158198,0.494269454000249,0.185082534410336,0.868765356837833,0.539251837536937
0.276264531161223,0.694079139889069,0.668012942926135,0.142944840425698,0.930569845206553,0.283961494565792
0.322554068499795,0.835451305463313,0.374346632585935,0.340510968734005,0.794890954864835,0.439089235480188
0.351991762617726,0.996907640367698,0.493729664361934,0.394380973242855,0.805931467970575,0.530902266577588
0.339690198565489,0.720417696131614,0.0776611252263988,0.288604658853661,0.223217075059889,0.0405018187757831
0.328845283936104,0.549987573727429,0.660161158980971,0.194543084765172,0.908090420352927,0.42381800263967
0.213068214538967,0.32107656500775,0.487480384079492,0.356983113278084,0.567075481854409,0.252585850738574
0.389354623819605,0.823344256905662,0.537231997747861,0.38527025354215,0.830148274717151,0.449231131519955
0.342782855834038,0.255576694206791,0.658261385961889,0.0555603169453033,0.793121275211751,0.340983132505878
0.228673016522482,0.650630919284731,0.669616206316951,0.499119913458221,0.306176143930684,0.810488583103921
0.795603341252835,0.826206384064484,0.909225524305498,0.615010995711259,0.489975498123415,0.733746474050526
0.808612768847304,0.880215317917229,0.894457926278431,0.892259971921126,0.448856644307493,0.7051953311616
0.300832126411491,0.169564380471918,0.714150954286778,0.44407872515444,0.543912926852457,0.594336248306951
0.827831136787517,0.697105830494938,0.886742649037364,0.573967693911212,0.513567778131982,0.527476264799504
0.559507234024341,0.822243797743343,0.480319047077044,0.895048189664524,0.444102952612268,0.556620080755509
0.793693951084047,0.984289734525508,0.661495607550547,0.859565131915728,0.485012174560968,0.582991923012787
0.741983787557495,0.687103876946239,0.124660177524537,0.590424358204384,0.138164795496634,0.0140816765355796
0.816231108490092,0.561466506757083,0.904547626344173,0.273707569760962,0.531209190393687,0.518667892408667
0.37004259664399,0.28643957544957,0.797569221385756,0.856524321872012,0.396954275551328,0.288592187810648
0.806527518423666,0.789586323900148,0.835451834153261,0.772543904245558,0.507512707613417,0.557874825796055
0.740587826171044,0.154171840827072,0.881288887773719,0.191887402971196,0.339655393182373,0.48509755289591
0.208731365491542,0.595663891602923,0.711738316208527,0.313117543863198,0.695085571558413,0.840701540339572
0.21736709517224,0.512137400171198,0.711083305580148,0.542203138364531,0.699626837423695,0.931101187408722
0.111417930141931,0.121356002529153,0.546711862946056,0.371002438510505,0.665341949947623,0.677434103112063
0.23085425639527,0.492611216042267,0.66497791257126,0.408384559353637,0.676973289739519,0.643007101816601
0.155762160225989,0.567762686206025,0.401309950372772,0.476575182508399,0.629482139681934,0.762333903236458
0.184240028150826,0.639312246732355,0.543799497267492,0.533718761200193,0.531106321717625,0.757289370949596
0.225125364004673,0.496980459930581,0.0781391207176224,0.440193690774529,0.169371897671025,0.0435178629780637
0.226248726204633,0.357125115662816,0.712151645200213,0.202142350489259,0.641819250050349,0.529327281889137
0.075685009819819,0.140513052359557,0.608547585704526,0.545186178472552,0.450716041655739,0.311719677107732
0.227809188364781,0.444330500153215,0.692282883118838,0.346257557428883,0.643594564410393,0.648449917991303
0.186456711454144,0.211391223262172,0.691845948913952,0.0794137697764591,0.606295730851949,0.552057166821294
0.823732419682081,0.778093183415767,0.984561431949681,0.623928415169614,0.9586276985065,0.791039231629903
0.201828287659848,0.175179321574201,0.720583546036801,0.0301702626385343,0.945117752965247,0.47303814007196
0.894954933138372,0.646191573980679,0.960408675332059,0.399599305213151,0.957178018218654,0.531305119574752
0.683754033985244,0.75816276197877,0.492456622487194,0.619811949979751,0.757521297757836,0.618366694720375
0.871537175886046,0.852553270747524,0.749549354351205,0.636309354866163,0.807124010508085,0.642503922577853
0.887014044884629,0.592621624891199,0.151028036809731,0.360616607790945,0.225651116287887,0.0394883785168
0.865681776972907,0.436667170161002,0.990135623327976,0.192813445906362,0.924007388074858,0.479777907612726
0.447108640830561,0.264622686711397,0.823699544625145,0.622811210589461,0.570602583260595,0.297335463664705
0.886090583079822,0.642514315703027,0.903034213926959,0.423460621842499,0.793825456208856,0.536869704525731
0.723591409953871,0.150722393381906,0.97697928607297,0.101673323881823,0.842955933833309,0.485603247207161
0.397242787067889,0.170512541263687,0.739551466212161,0.544017342758357,0.927588130078584,0.626409305068573
0.892981816075481,0.685398386280561,0.967902943876393,0.592091508510427,0.903848159140188,0.52509551868697
0.602184361789482,0.719103559196407,0.46429712291612,0.934723154016404,0.782911765489936,0.65779585106995
0.915305804504003,0.881019276143473,0.760835260532658,0.952949969872353,0.799378555459618,0.740308350598598
0.91693731093635,0.656970524281389,0.138559192199632,0.565573816323131,0.212079910709462,0.0527073260001745
0.899661664979267,0.534169411519453,0.985513442561997,0.238336271489083,0.926819517714701,0.553846882770073
0.375109575541991,0.309312198968288,0.825868810627801,0.946022268365464,0.512933813488658,0.332157117365514
0.922582257669395,0.672507399970295,0.884749868790059,0.752647223271083,0.840348936928321,0.577874310490679
0.817554997763356,0.197151339674652,0.975897572167753,0.191536156968586,0.817193155559085,0.526462012904464
0.425527579662719,0.151190611064432,0.753819783009673,0.433542946589587,0.917503797570794,0.399939254991863
0.376259183783954,0.176914316092652,0.334635115021791,0.489045332641955,0.819398008360665,0.610758595804282
0.304434667673478,0.180302558900569,0.586903716223144,0.536763570200737,0.743728738870837,0.373351349916398
0.402551132520973,0.172302622129871,0.127129502172328,0.354768635063457,0.191031857608619,0.0280801601948235
0.404740999984104,0.146005145044244,0.746855920579341,0.221592018231453,0.920094455409744,0.341156632241027
0.104863373960869,0.0518352165393117,0.586499594298686,0.532720510794624,0.555357867162051,0.293373478158219
0.427047347893969,0.173360879142299,0.714567174673794,0.505832135922003,0.779876640434787,0.430379701580567
0.391810523285208,0.0261345855663049,0.713619235129682,0.176680125966699,0.805369813549596,0.362207086031423
0.72352825911092,0.575094961351276,0.483741055082793,0.590111146882766,0.783390933242891,0.526165806681901
0.972996159974321,0.699762867976673,0.760894904416291,0.505118787523449,0.771578031794473,0.423392291970171
0.979770250372037,0.453462911268739,0.150165653665947,0.170038459707064,0.22057474450621,0.0359039138605357
0.948062439753998,0.130042464116474,0.967059620217506,0.151376044169378,0.812068554477079,0.468088100542379
0.463237153571019,0.288119994258834,0.806612689848708,0.588710605717322,0.47909924612703,0.257448318654397
0.994144590055378,0.572223374198561,0.87224332394536,0.50336787163887,0.812835339152405,0.41097766153908
0.868908259273576,0.231930037013061,0.96131471853493,0.14957444926543,0.843176929862474,0.302039854715407
0.710878036934677,0.83578929670201,0.390140175749332,0.952539807967369,0.59352763648626,0.560125454251999
0.661944480279103,0.638294568887146,0.0502623766439145,0.653943679676938,0.184472394266743,0.0500358934695661
0.728081187077137,0.467157799318642,0.484723238461171,0.247592889772162,0.782695910844249,0.280208454233478
0.313045583573165,0.249911282260482,0.344326166707149,0.948937671648516,0.458088094723721,0.220014788489245
0.722622786403402,0.731136633816615,0.387413945946038,0.826502730028513,0.752536336175592,0.55772448112193
0.66128397232215,0.149357493645225,0.494150396095847,0.186329566610682,0.762167495105671,0.390999464313867
0.961860191558926,0.720102547058266,0.0794524432202577,0.65452862716556,0.148953090300114,0.0239721349436564
0.91777537235096,0.563591148299021,0.7651227109889,0.278953094835752,0.766480297492134,0.513963391974618
0.467229574732296,0.319898541681872,0.678598726137128,0.96168606444011,0.44968874662508,0.273517734229825
0.973255857072976,0.803420627298629,0.718189286149525,0.772937715113888,0.767030525076484,0.545598828154488
0.870069420028056,0.252546752446304,0.759755956054392,0.191380113134373,0.670507849934085,0.259478066491782
0.938999908274291,0.390554644894746,0.150867965063732,0.177140954369148,0.223806506356522,0.0369695058944427
0.466150850303498,0.0352551078480632,0.150259483316378,0.655629997520197,0.221430299839215,0.0141996479534798
0.975410279304271,0.689819679763569,0.120520237202195,0.53983217699438,0.0750694471303081,0.0280020994110806
0.806897229902761,0.196199559759786,0.145650461724261,0.162475129800717,0.214697167712949,0.0434540295518996
0.470025209986131,0.201959940192959,0.824704459489083,0.271518770533445,0.579409064991559,0.289007573111725
0.964185447176235,0.382464787205569,0.896975691762309,0.167327098262529,0.743230284341448,0.392516216673397
0.836258570001458,0.0882315143718855,0.980536862739059,0.0676421712753499,0.805644943176747,0.291256388095209
0.436315356342221,0.279747958366501,0.749915905597698,0.797354820223632,0.455021574427097,0.265578735308072
0.41178546449326,0.156459907800887,0.82822241560605,0.110522290698944,0.575403078742879,0.15938032467649
0.86579459208871,0.238824794262948,0.903793392687229,0.19211918751955,0.753956419261174,0.349082849654741
